PID	schoolyear	age	text_learner_ageProduction	gender	learner_gender	l1a	l1b	l1c	subcorpus	learner_school_language	yearcollected	canton	class	learner_durationOfInstruction	learner_ageofOnset	learner_target_language_durationOfInstruction	learner_target_language_input	learner_target_language_institution
Ba204	9	NA	notAvailable	m	male	deu	kur	NA	d	deu	2018	BS	Ba1	notApplicable	notAvailable	notApplicable	mainly without controlled teaching processes	notApplicable
Ba205	9	14.87945205	15	f	female	NA	NA	NA	d	deu	2018	BS	Ba1	notApplicable	notAvailable	notApplicable	mainly without controlled teaching processes	notAvailable
Ba206	9	15.38082192	15	m	male	srp	NA	NA	d	deu	2018	BS	Ba1	notApplicable	notAvailable	notApplicable	mainly without controlled teaching processes	notAvailable
Ba210	9	14.09863014	14	m	male	deu	fra	NA	d	deu	2018	BS	Ba1	notApplicable	notAvailable	notApplicable	mainly without controlled teaching processes	notApplicable
Ba211	9	15.25479452	15	m	male	deu	NA	NA	d	deu	2018	BS	Ba1	notApplicable	notAvailable	notApplicable	mainly without controlled teaching processes	notApplicable
Ba212	9	15.24383562	15	f	female	deu	NA	NA	d	deu	2018	BS	Ba1	notApplicable	notAvailable	notApplicable	mainly without controlled teaching processes	notApplicable
Ba214	9	NA	notAvailable	f	female	NA	NA	NA	d	deu	2018	BS	Ba1	notApplicable	notAvailable	notApplicable	mainly without controlled teaching processes	notAvailable
Ba217	9	14.72328767	15	f	female	deu	eng	NA	d	deu	2018	BS	Ba1	notApplicable	notAvailable	notApplicable	mainly without controlled teaching processes	notApplicable
Ba218	9	14.78356164	15	m	male	deu	NA	NA	d	deu	2018	BS	Ba1	notApplicable	notAvailable	notApplicable	mainly without controlled teaching processes	notApplicable
Ba222	9	15.24383562	15	m	male	tur	kur	NA	d	deu	2018	BS	Ba1	notApplicable	notAvailable	notApplicable	mainly without controlled teaching processes	notAvailable
Ba223	9	15.45479452	15	m	male	deu	NA	NA	d	deu	2018	BS	Ba1	notApplicable	notAvailable	notApplicable	mainly without controlled teaching processes	notApplicable
Ba224	9	15.27671233	15	m	male	deu	NA	NA	d	deu	2018	BS	Ba1	notApplicable	notAvailable	notApplicable	mainly without controlled teaching processes	notApplicable
Ba225	9	15.29589041	15	m	male	deu	ita	NA	d	deu	2018	BS	Ba1	notApplicable	notAvailable	notApplicable	mainly without controlled teaching processes	notApplicable
Ba226	9	14.95890411	15	m	male	deu	ita	NA	d	deu	2018	BS	Ba1	notApplicable	notAvailable	notApplicable	mainly without controlled teaching processes	notApplicable
Ba229	9	15.15890411	15	f	female	deu	fra	NA	d	deu	2018	BS	Ba1	notApplicable	notAvailable	notApplicable	mainly without controlled teaching processes	notApplicable
Ba230	9	15.41643836	15	m	male	deu	NA	NA	d	deu	2018	BS	Ba2	notApplicable	notAvailable	notApplicable	mainly without controlled teaching processes	notApplicable
Ba233	9	15.43287671	15	m	male	deu	NA	NA	d	deu	2018	BS	Ba2	notApplicable	notAvailable	notApplicable	mainly without controlled teaching processes	notApplicable
Ba237	9	15.49315068	15	m	male	deu	NA	NA	d	deu	2018	BS	Ba2	notApplicable	notAvailable	notApplicable	mainly without controlled teaching processes	notApplicable
Ba242	9	15.4739726	15	m	male	deu	NA	NA	d	deu	2018	BS	Ba2	notApplicable	notAvailable	notApplicable	mainly without controlled teaching processes	notApplicable
Ba243	9	15.24109589	15	m	male	deu	NA	NA	d	deu	2018	BS	Ba2	notApplicable	notAvailable	notApplicable	mainly without controlled teaching processes	notApplicable
Ba245	9	NA	notAvailable	m	male	deu	ces	NA	d	deu	2018	BS	Ba2	notApplicable	notAvailable	notApplicable	mainly without controlled teaching processes	notApplicable
Ba246	9	14.81369863	15	m	male	eng	NA	NA	d	deu	2018	BS	Ba2	notApplicable	notAvailable	notApplicable	mainly without controlled teaching processes	notAvailable
Ba247	9	14.78082192	15	m	male	eng	NA	NA	d	deu	2018	BS	Ba2	notApplicable	notAvailable	notApplicable	mainly without controlled teaching processes	notAvailable
Ba249	9	14.87671233	15	f	female	deu	fra	NA	d	deu	2018	BS	Ba2	notApplicable	notAvailable	notApplicable	mainly without controlled teaching processes	notApplicable
Ba250	9	15.01643836	15	f	female	deu	NA	NA	d	deu	2018	BS	Ba2	notApplicable	notAvailable	notApplicable	mainly without controlled teaching processes	notApplicable
Ba253	9	15.65753425	16	f	female	deu	eng	NA	d	deu	2018	BS	Ba2	notApplicable	notAvailable	notApplicable	mainly without controlled teaching processes	notApplicable
Ba254	9	NA	notAvailable	m	male	deu	NA	NA	d	deu	2018	BS	Ba2	notApplicable	notAvailable	notApplicable	mainly without controlled teaching processes	notApplicable
Es141	8	NA	notAvailable	f	female	NA	NA	NA	f	fra	2017	FR	Es1	5	notAvailable	5	mainly in controlled teaching contexts	school
Es145	8	NA	notAvailable	m	male	deu	NA	NA	f	fra	2017	FR	Es1	5	notAvailable	5	mainly in controlled teaching contexts	school
Es147	8	NA	notAvailable	m	male	NA	NA	NA	f	fra	2017	FR	Es1	5	notAvailable	5	mainly in controlled teaching contexts	school
Es148	8	NA	notAvailable	m	male	NA	NA	NA	f	fra	2017	FR	Es1	5	notAvailable	5	mainly in controlled teaching contexts	school
Es152	8	NA	notAvailable	f	female	NA	NA	NA	f	fra	2017	FR	Es1	5	notAvailable	5	mainly in controlled teaching contexts	school
Es153	8	NA	notAvailable	f	female	NA	NA	NA	f	fra	2017	FR	Es1	5	notAvailable	5	mainly in controlled teaching contexts	school
Es154	8	NA	notAvailable	f	female	NA	NA	NA	f	fra	2017	FR	Es1	5	notAvailable	5	mainly in controlled teaching contexts	school
Es157	8	NA	notAvailable	f	female	NA	eng	NA	f	fra	2017	FR	Es1	5	notAvailable	5	mainly in controlled teaching contexts	school
Es158	8	NA	notAvailable	f	female	NA	NA	NA	f	fra	2017	FR	Es1	5	notAvailable	5	mainly in controlled teaching contexts	school
Es159	8	NA	notAvailable	m	male	NA	NA	NA	f	fra	2017	FR	Es1	5	notAvailable	5	mainly in controlled teaching contexts	school
Es164	8	NA	notAvailable	m	male	NA	NA	NA	f	fra	2017	FR	Es2	5	notAvailable	5	mainly in controlled teaching contexts	school
Es165	8	NA	notAvailable	m	male	NA	NA	NA	f	fra	2017	FR	Es2	5	notAvailable	5	mainly in controlled teaching contexts	school
Es168	8	NA	notAvailable	f	female	NA	NA	NA	f	fra	2017	FR	Es2	5	notAvailable	5	mainly in controlled teaching contexts	school
Es169	8	NA	notAvailable	m	male	deu	eng	NA	f	fra	2017	FR	Es2	5	notAvailable	5	mainly in controlled teaching contexts	school
Es170	8	NA	notAvailable	m	male	deu	eng	NA	f	fra	2017	FR	Es2	5	notAvailable	5	mainly in controlled teaching contexts	school
Es171	8	NA	notAvailable	f	female	NA	NA	NA	f	fra	2017	FR	Es2	5	notAvailable	5	mainly in controlled teaching contexts	school
Es174	8	NA	notAvailable	f	female	deu	eng	NA	f	fra	2017	FR	Es2	5	notAvailable	5	mainly in controlled teaching contexts	school
Es175	8	NA	notAvailable	m	male	deu	NA	NA	f	fra	2017	FR	Es2	5	notAvailable	5	mainly in controlled teaching contexts	school
Es176	8	NA	notAvailable	f	female	NA	NA	NA	f	fra	2017	FR	Es2	5	notAvailable	5	mainly in controlled teaching contexts	school
Es177	8	NA	notAvailable	f	female	NA	NA	NA	f	fra	2017	FR	Es2	5	notAvailable	5	mainly in controlled teaching contexts	school
Es179	8	NA	notAvailable	f	female	NA	NA	NA	f	fra	2017	FR	Es2	5	notAvailable	5	mainly in controlled teaching contexts	school
Es180	8	NA	notAvailable	m	male	NA	NA	NA	f	fra	2017	FR	Es2	5	notAvailable	5	mainly in controlled teaching contexts	school
Es181	8	NA	notAvailable	f	female	NA	NA	NA	f	fra	2017	FR	Es2	5	notAvailable	5	mainly in controlled teaching contexts	school
Es183	8	NA	notAvailable	f	female	NA	NA	NA	f	fra	2017	FR	Es2	5	notAvailable	5	mainly in controlled teaching contexts	school
Es184	8	NA	notAvailable	m	male	NA	NA	NA	f	fra	2017	FR	Es2	5	notAvailable	5	mainly in controlled teaching contexts	school
Es185	8	NA	notAvailable	f	female	NA	NA	NA	f	fra	2017	FR	Es2	5	notAvailable	5	mainly in controlled teaching contexts	school
Fr154	10	16.51232877	17	f	female	deu	NA	NA	d	deu	2018	FR	Fr1	notApplicable	notAvailable	notApplicable	mainly without controlled teaching processes	notApplicable
Fr155	10	15.84931507	16	f	female	deu	NA	NA	d	deu	2018	FR	Fr1	notApplicable	notAvailable	notApplicable	mainly without controlled teaching processes	notApplicable
Fr156	10	16.25479452	16	m	male	deu	NA	NA	d	deu	2018	FR	Fr1	notApplicable	notAvailable	notApplicable	mainly without controlled teaching processes	notApplicable
Fr157	10	16.40273973	16	m	male	fra	NA	NA	d	deu	2018	FR	Fr1	notApplicable	notAvailable	notApplicable	mainly without controlled teaching processes	notAvailable
Fr158	10	16.35068493	16	m	male	srp	NA	NA	d	deu	2018	FR	Fr1	notApplicable	notAvailable	notApplicable	mainly without controlled teaching processes	notAvailable
Fr159	10	15.72328767	16	f	female	deu	NA	NA	d	deu	2018	FR	Fr1	notApplicable	notAvailable	notApplicable	mainly without controlled teaching processes	notApplicable
Fr160	10	16.07945205	16	m	male	bos	NA	NA	d	deu	2018	FR	Fr1	notApplicable	notAvailable	notApplicable	mainly without controlled teaching processes	notAvailable
Fr161	10	15.9890411	16	m	male	dan	NA	NA	d	deu	2018	FR	Fr1	notApplicable	notAvailable	notApplicable	mainly without controlled teaching processes	notAvailable
Fr162	10	NA	notAvailable	m	male	NA	NA	NA	d	deu	2018	FR	Fr1	notApplicable	notAvailable	notApplicable	mainly without controlled teaching processes	notAvailable
Fr163	10	16.1260274	16	m	male	fra	NA	NA	d	deu	2018	FR	Fr1	notApplicable	notAvailable	notApplicable	mainly without controlled teaching processes	notAvailable
Fr164	10	15.89041096	16	f	female	deu	fra	NA	d	deu	2018	FR	Fr1	notApplicable	notAvailable	notApplicable	mainly without controlled teaching processes	notApplicable
Fr166	10	15.86027397	16	m	male	deu	NA	NA	d	deu	2018	FR	Fr1	notApplicable	notAvailable	notApplicable	mainly without controlled teaching processes	notApplicable
Fr169	10	15.96986301	16	f	female	deu	eng	NA	d	deu	2018	FR	Fr1	notApplicable	notAvailable	notApplicable	mainly without controlled teaching processes	notApplicable
Fr170	10	16.05205479	16	f	female	fra	NA	NA	d	deu	2018	FR	Fr1	notApplicable	notAvailable	notApplicable	mainly without controlled teaching processes	notAvailable
Fr173	10	15.76164384	16	f	female	deu	eng	NA	d	deu	2018	FR	Fr1	notApplicable	notAvailable	notApplicable	mainly without controlled teaching processes	notApplicable
Fr174	10	16.20821918	16	f	female	deu	NA	NA	d	deu	2018	FR	Fr1	notApplicable	notAvailable	notApplicable	mainly without controlled teaching processes	notApplicable
Fr175	10	16.20821918	16	f	female	deu	NA	NA	d	deu	2018	FR	Fr1	notApplicable	notAvailable	notApplicable	mainly without controlled teaching processes	notApplicable
Fr179	10	16.69315068	17	m	male	deu	fra	NA	d	deu	2018	FR	Fr2	notApplicable	notAvailable	notApplicable	mainly without controlled teaching processes	notApplicable
Fr184	10	15.85479452	16	f	female	deu	rus	NA	d	deu	2018	FR	Fr2	notApplicable	notAvailable	notApplicable	mainly without controlled teaching processes	notApplicable
Fr185	10	16.23835616	16	f	female	eng	tha	NA	d	deu	2018	FR	Fr2	notApplicable	notAvailable	notApplicable	mainly without controlled teaching processes	notAvailable
Fr187	10	16.09041096	16	m	male	fra	NA	NA	d	deu	2018	FR	Fr2	notApplicable	notAvailable	notApplicable	mainly without controlled teaching processes	notAvailable
Fr189	10	16.16438356	16	f	female	deu	NA	NA	d	deu	2018	FR	Fr2	notApplicable	notAvailable	notApplicable	mainly without controlled teaching processes	notApplicable
Fr190	10	17.82739726	18	f	female	rus	NA	NA	d	deu	2018	FR	Fr2	notApplicable	notAvailable	notApplicable	mainly without controlled teaching processes	notAvailable
Fr193	10	15.67945205	16	m	male	deu	NA	NA	d	deu	2018	FR	Fr2	notApplicable	notAvailable	notApplicable	mainly without controlled teaching processes	notApplicable
Fr194	10	15.72054795	16	m	male	deu	NA	NA	d	deu	2018	FR	Fr2	notApplicable	notAvailable	notApplicable	mainly without controlled teaching processes	notApplicable
Fr197	10	15.56164384	16	f	female	deu	NA	NA	d	deu	2018	FR	Fr2	notApplicable	notAvailable	notApplicable	mainly without controlled teaching processes	notApplicable
Fr198	10	17.45479452	17	m	male	fra	eng	por	d	deu	2018	FR	Fr2	notApplicable	notAvailable	notApplicable	mainly without controlled teaching processes	notAvailable
Fr199	10	15.80547945	16	f	female	deu	NA	NA	d	deu	2018	FR	Fr2	notApplicable	notAvailable	notApplicable	mainly without controlled teaching processes	notApplicable
Fr200	10	15.90684932	16	f	female	deu	bul	NA	d	deu	2018	FR	Fr2	notApplicable	notAvailable	notApplicable	mainly without controlled teaching processes	notApplicable
Fr201	10	16.38356164	16	f	female	NA	NA	NA	d	deu	2018	FR	Fr2	notApplicable	notAvailable	notApplicable	mainly without controlled teaching processes	notAvailable
Fr202	10	16.36164384	16	f	female	deu	NA	NA	d	deu	2018	FR	Fr2	notApplicable	notAvailable	notApplicable	mainly without controlled teaching processes	notApplicable
Mo101	8	NA	notAvailable	f	female	NA	NA	NA	f	fra	2017	VD	Mo1	5	notAvailable	5	mainly in controlled teaching contexts	school
Mo103	8	NA	notAvailable	f	female	NA	NA	NA	f	fra	2017	VD	Mo1	5	notAvailable	5	mainly in controlled teaching contexts	school
Mo106	8	NA	notAvailable	f	female	NA	NA	NA	f	fra	2017	VD	Mo1	5	notAvailable	5	mainly in controlled teaching contexts	school
Mo107	8	NA	notAvailable	f	female	NA	NA	NA	f	fra	2017	VD	Mo1	5	notAvailable	5	mainly in controlled teaching contexts	school
Mo113	8	NA	notAvailable	m	male	NA	NA	NA	f	fra	2017	VD	Mo1	5	notAvailable	5	mainly in controlled teaching contexts	school
Mo115	8	NA	notAvailable	0	notAvailable	NA	eng	NA	f	fra	2017	VD	Mo1	5	notAvailable	5	mainly in controlled teaching contexts	school
Mo116	8	NA	notAvailable	0	notAvailable	NA	NA	NA	f	fra	2017	VD	Mo1	5	notAvailable	5	mainly in controlled teaching contexts	school
Mo118	8	NA	notAvailable	f	female	NA	eng	NA	f	fra	2017	VD	Mo2	5	notAvailable	5	mainly in controlled teaching contexts	school
Mo119	8	NA	notAvailable	m	male	NA	NA	NA	f	fra	2017	VD	Mo2	5	notAvailable	5	mainly in controlled teaching contexts	school
Mo122	8	NA	notAvailable	f	female	NA	NA	NA	f	fra	2017	VD	Mo2	5	notAvailable	5	mainly in controlled teaching contexts	school
Mo123	8	NA	notAvailable	m	male	NA	NA	NA	f	fra	2017	VD	Mo2	5	notAvailable	5	mainly in controlled teaching contexts	school
Mo127	8	NA	notAvailable	f	female	NA	NA	NA	f	fra	2017	VD	Mo2	5	notAvailable	5	mainly in controlled teaching contexts	school
Mo129	8	NA	notAvailable	f	female	NA	NA	NA	f	fra	2017	VD	Mo2	5	notAvailable	5	mainly in controlled teaching contexts	school
Mo131	8	NA	notAvailable	m	male	NA	NA	NA	f	fra	2017	VD	Mo2	5	notAvailable	5	mainly in controlled teaching contexts	school
Mo132	8	NA	notAvailable	m	male	NA	NA	NA	f	fra	2017	VD	Mo2	5	notAvailable	5	mainly in controlled teaching contexts	school
Mo134	8	NA	notAvailable	m	male	NA	eng	NA	f	fra	2017	VD	Mo2	5	notAvailable	5	mainly in controlled teaching contexts	school
Mo135	8	NA	notAvailable	m	male	NA	NA	NA	f	fra	2017	VD	Mo2	5	notAvailable	5	mainly in controlled teaching contexts	school
Mo136	8	NA	notAvailable	f	female	NA	NA	NA	f	fra	2017	VD	Mo2	5	notAvailable	5	mainly in controlled teaching contexts	school
Pf257	8	14.39178082	14	f	female	deu	eng	NA	d_e	deu;eng	2019	SZ	Pf1	notApplicable	notAvailable	notApplicable	mainly without controlled teaching processes	notApplicable
Pf259	8	NA	notAvailable	m	male	deu	NA	NA	d_e	deu;eng	2019	SZ	Pf1	notApplicable	notAvailable	notApplicable	mainly without controlled teaching processes	notApplicable
Pf260	8	14.18082192	14	f	female	deu	eng	NA	d_e	deu;eng	2019	SZ	Pf1	notApplicable	notAvailable	notApplicable	mainly without controlled teaching processes	notApplicable
Pf261	8	14.37808219	14	f	female	deu	eng	NA	d_e	deu;eng	2019	SZ	Pf1	notApplicable	notAvailable	notApplicable	mainly without controlled teaching processes	notApplicable
Pf262	8	14.69509694	15	m	male	deu	NA	NA	d_e	deu;eng	2019	SZ	Pf1	notApplicable	notAvailable	notApplicable	mainly without controlled teaching processes	notApplicable
Pf272	8	14.2739726	14	m	male	NA	NA	NA	d_e	deu;eng	2019	SZ	Pf1	notApplicable	notAvailable	notApplicable	mainly without controlled teaching processes	notAvailable
RI100	9	14.9	15	f	female	fra	NA	NA	f	fra	2022	FR	Ri1	6	9	6	mainly in controlled teaching contexts	school
RI101	9	14.62	15	f	female	por	NA	NA	f	fra	2022	FR	Ri1	6	9	6	mainly in controlled teaching contexts	school
RI102	9	15.68	16	m	male	fra	NA	NA	f	fra	2022	FR	Ri1	6	10	6	mainly in controlled teaching contexts	school
RI103	9	14.94	15	m	male	por	NA	NA	f	fra	2022	FR	Ri1	6	9	6	mainly in controlled teaching contexts	school
RI106	9	15.61	16	f	female	fra	NA	NA	f	fra	2022	FR	Ri1	6	10	6	mainly in controlled teaching contexts	school
RI107	9	15.01	15	f	female	fra	NA	NA	f	fra	2022	FR	Ri1	6	9	6	mainly in controlled teaching contexts	school
RI108	9	15.41	15	NA	notAvailable	fra	alb	NA	f	fra	2022	FR	Ri1	6	9	6	mainly in controlled teaching contexts	school
RI109	9	14.93	15	f	female	fra	NA	NA	f	fra	2022	FR	Ri1	6	9	6	mainly in controlled teaching contexts	school
RI110	9	15.05	15	m	male	fra	por	NA	f	fra	2022	FR	Ri1	6	9	6	mainly in controlled teaching contexts	school
RI111	9	15.19	15	f	female	fra	ger	NA	f	fra	2022	FR	Ri1	6	9	6	mainly in controlled teaching contexts	school
RI200	9	15.74	16	f	female	fra	NA	NA	f	fra	2022	FR	Ri2	6	10	6	mainly in controlled teaching contexts	school
RI202	9	15.49	15	f	female	fra	NA	NA	f	fra	2022	FR	Ri2	6	9	6	mainly in controlled teaching contexts	school
RI203	9	15.71	16	f	female	fra	NA	NA	f	fra	2022	FR	Ri2	6	10	6	mainly in controlled teaching contexts	school
RI204	9	15.03	15	f	female	fra	ewa	NA	f	fra	2022	FR	Ri2	6	9	6	mainly in controlled teaching contexts	school
RI205	9	15.7	16	m	male	fra	NA	NA	f	fra	2022	FR	Ri2	6	10	6	mainly in controlled teaching contexts	school
RI206	9	15.44	15	m	male	fra	ger	NA	f	fra	2022	FR	Ri2	6	9	6	mainly in controlled teaching contexts	school
RI207	9	15.66	16	m	male	fra	NA	NA	f	fra	2022	FR	Ri2	6	10	6	mainly in controlled teaching contexts	school
RI208	9	14.66	15	f	female	fra	NA	NA	f	fra	2022	FR	Ri2	6	9	6	mainly in controlled teaching contexts	school
RI209	9	17.34	17	m	male	fra	NA	NA	f	fra	2022	FR	Ri2	6	11	6	mainly in controlled teaching contexts	school
RI210	9	15.31	15	f	female	fra	NA	NA	f	fra	2022	FR	Ri2	6	9	6	mainly in controlled teaching contexts	school
RI211	9	15.12	15	m	male	fra	por	NA	f	fra	2022	FR	Ri2	6	9	6	mainly in controlled teaching contexts	school
RI212	9	14.74	15	m	male	fra	alb	NA	f	fra	2022	FR	Ri2	6	9	6	mainly in controlled teaching contexts	school
RI213	9	15.01	15	f	female	fra	NA	NA	f	fra	2022	FR	Ri2	6	9	6	mainly in controlled teaching contexts	school
RI214	9	15.29	15	f	female	fra	NA	NA	f	fra	2022	FR	Ri2	6	9	6	mainly in controlled teaching contexts	school
RI215	9	15.29	15	f	female	fra	NA	NA	f	fra	2022	FR	Ri2	6	9	6	mainly in controlled teaching contexts	school
RI216	9	14.97	15	f	female	fra	NA	NA	f	fra	2022	FR	Ri2	6	9	6	mainly in controlled teaching contexts	school
RI217	9	15.31	15	f	female	fra	NA	NA	f	fra	2022	FR	Ri2	6	9	6	mainly in controlled teaching contexts	school
RI218	9	15.17	15	f	female	fra	NA	NA	f	fra	2022	FR	Ri2	6	9	6	mainly in controlled teaching contexts	school
RI219	9	15.63	16	f	female	spa	NA	NA	f	fra	2022	FR	Ri2	6	10	6	mainly in controlled teaching contexts	school
RI220	9	14.84	15	m	male	fra	NA	NA	f	fra	2022	FR	Ri2	6	9	6	mainly in controlled teaching contexts	school
RI221	9	15.19	15	f	female	fra	NA	NA	f	fra	2022	FR	Ri2	6	9	6	mainly in controlled teaching contexts	school
RI222	9	15.7	16	f	female	fra	NA	NA	f	fra	2022	FR	Ri2	6	10	6	mainly in controlled teaching contexts	school
RI223	9	15.07	15	m	male	fra	NA	NA	f	fra	2022	FR	Ri2	6	9	6	mainly in controlled teaching contexts	school
RI300	9	14.67	15	f	female	fra	tur	NA	f	fra	2022	FR	Ri3	6	9	6	mainly in controlled teaching contexts	school
RI301	9	15.58	16	m	male	fra	NA	NA	f	fra	2022	FR	Ri3	6	10	6	mainly in controlled teaching contexts	school
RI302	9	15.08	15	f	female	fra	ita	NA	f	fra	2022	FR	Ri3	6	9	6	mainly in controlled teaching contexts	school
RI303	9	15.63	16	f	female	fra	NA	NA	f	fra	2022	FR	Ri3	6	10	6	mainly in controlled teaching contexts	school
RI304	9	15.78	16	m	male	fra	NA	NA	f	fra	2022	FR	Ri3	6	10	6	mainly in controlled teaching contexts	school
RI305	9	14.88	15	m	male	fra	por	NA	f	fra	2022	FR	Ri3	6	9	6	mainly in controlled teaching contexts	school
RI309	9	16.62	17	f	female	fra	NA	NA	f	fra	2022	FR	Ri3	6	11	6	mainly in controlled teaching contexts	school
RI310	9	14.65	15	m	male	fra	NA	NA	f	fra	2022	FR	Ri3	6	9	6	mainly in controlled teaching contexts	school
RI311	9	14.98	15	f	female	fra	NA	NA	f	fra	2022	FR	Ri3	6	9	6	mainly in controlled teaching contexts	school
RI312	9	16.68	17	f	female	fra	NA	NA	f	fra	2022	FR	Ri3	6	11	6	mainly in controlled teaching contexts	school
RI313	9	14.61	15	f	female	por	NA	NA	f	fra	2022	FR	Ri3	6	9	6	mainly in controlled teaching contexts	school
RI314	9	NA	notAvailable	m	male	fra	NA	NA	f	fra	2022	FR	Ri3	6	notAvailable	6	mainly in controlled teaching contexts	school
RI315	9	15.5	16	f	female	fra	NA	NA	f	fra	2022	FR	Ri3	6	10	6	mainly in controlled teaching contexts	school
RI316	9	15.07	15	m	male	fra	NA	NA	f	fra	2022	FR	Ri3	6	9	6	mainly in controlled teaching contexts	school
RI317	9	15.59	16	m	male	fra	NA	NA	f	fra	2022	FR	Ri3	6	10	6	mainly in controlled teaching contexts	school
RI318	9	15.25	15	f	female	fra	ger	pat	f	fra	2022	FR	Ri3	6	9	6	mainly in controlled teaching contexts	school
RI319	9	15.04	15	m	male	fra	NA	NA	f	fra	2022	FR	Ri3	6	9	6	mainly in controlled teaching contexts	school
RI320	9	15.47	15	m	male	fra	NA	NA	f	fra	2022	FR	Ri3	6	9	6	mainly in controlled teaching contexts	school
RI321	9	15.36	15	f	female	fra	alb	NA	f	fra	2022	FR	Ri3	6	9	6	mainly in controlled teaching contexts	school
RI322	9	14.67	15	NA	notAvailable	fra	NA	NA	f	fra	2022	FR	Ri3	6	9	6	mainly in controlled teaching contexts	school
RI324	9	15.37	15	f	female	fra	NA	NA	f	fra	2022	FR	Ri3	6	9	6	mainly in controlled teaching contexts	school
RI326	9	14.83	15	f	female	fra	ger	NA	f	fra	2022	FR	Ri3	6	9	6	mainly in controlled teaching contexts	school
RI400	9	15.2	15	m	male	fra	pol	NA	f	fra	2022	FR	Ri4	6	9	6	mainly in controlled teaching contexts	school
RI401	9	15.82	16	f	female	fra	alb	NA	f	fra	2022	FR	Ri4	6	10	6	mainly in controlled teaching contexts	school
RI402	9	14.51	15	NA	notAvailable	fra	por	NA	f	fra	2022	FR	Ri4	6	9	6	mainly in controlled teaching contexts	school
RI403	9	15.5	16	f	female	fra	por	NA	f	fra	2022	FR	Ri4	6	10	6	mainly in controlled teaching contexts	school
RI404	9	15.07	15	m	male	fra	NA	NA	f	fra	2022	FR	Ri4	6	9	6	mainly in controlled teaching contexts	school
RI405	9	15.13	15	f	female	fra	ger	NA	f	fra	2022	FR	Ri4	6	9	6	mainly in controlled teaching contexts	school
RI406	9	14.88	15	m	male	fra	spa	NA	f	fra	2022	FR	Ri4	6	9	6	mainly in controlled teaching contexts	school
RI407	9	15.07	15	m	male	fra	NA	NA	f	fra	2022	FR	Ri4	6	9	6	mainly in controlled teaching contexts	school
RI408	9	15.27	15	f	female	fra	NA	NA	f	fra	2022	FR	Ri4	6	9	6	mainly in controlled teaching contexts	school
RI409	9	15.75	16	m	male	por	NA	NA	f	fra	2022	FR	Ri4	6	10	6	mainly in controlled teaching contexts	school
RI410	9	15.1	15	f	female	fra	NA	NA	f	fra	2022	FR	Ri4	6	9	6	mainly in controlled teaching contexts	school
RI411	9	15.87	16	m	male	fra	NA	NA	f	fra	2022	FR	Ri4	6	10	6	mainly in controlled teaching contexts	school
RI412	9	16.17	16	f	female	fra	NA	NA	f	fra	2022	FR	Ri4	6	10	6	mainly in controlled teaching contexts	school
RI413	9	15.47	15	m	male	fra	rou	NA	f	fra	2022	FR	Ri4	6	9	6	mainly in controlled teaching contexts	school
RI414	9	15.39	15	f	female	fra	NA	NA	f	fra	2022	FR	Ri4	6	9	6	mainly in controlled teaching contexts	school
RI415	9	16.16	16	m	male	fra	alb	NA	f	fra	2022	FR	Ri4	6	10	6	mainly in controlled teaching contexts	school
RI416	9	15.7	16	f	female	fra	NA	NA	f	fra	2022	FR	Ri4	6	10	6	mainly in controlled teaching contexts	school
RI417	9	15.29	15	m	male	fra	NA	NA	f	fra	2022	FR	Ri4	6	9	6	mainly in controlled teaching contexts	school
RI418	9	16.02	16	NA	notAvailable	fra	NA	NA	f	fra	2022	FR	Ri4	6	10	6	mainly in controlled teaching contexts	school
RI419	9	14.45	14	m	male	fra	spa	NA	f	fra	2022	FR	Ri4	6	8	6	mainly in controlled teaching contexts	school
RI420	9	15.45	15	f	female	por	NA	NA	f	fra	2022	FR	Ri4	6	9	6	mainly in controlled teaching contexts	school
RI421	9	15.65	16	m	male	rus	NA	NA	f	fra	2022	FR	Ri4	6	10	6	mainly in controlled teaching contexts	school
RI422	9	16.12	16	f	female	fra	NA	NA	f	fra	2022	FR	Ri4	6	10	6	mainly in controlled teaching contexts	school
RI424	9	14.88	15	f	female	por	NA	NA	f	fra	2022	FR	Ri4	6	9	6	mainly in controlled teaching contexts	school
RI501	9	14.84	15	f	female	fra	NA	NA	f	fra	2022	FR	Ri5	6	9	6	mainly in controlled teaching contexts	school
RI502	9	14.75	15	f	female	fra	NA	NA	f	fra	2022	FR	Ri5	6	9	6	mainly in controlled teaching contexts	school
RI503	9	15.52	16	m	male	fra	NA	NA	f	fra	2022	FR	Ri5	6	10	6	mainly in controlled teaching contexts	school
RI504	9	14.93	15	f	female	fra	eng	por	f	fra	2022	FR	Ri5	6	9	6	mainly in controlled teaching contexts	school
RI505	9	16.58	17	m	male	fra	NA	NA	f	fra	2022	FR	Ri5	6	11	6	mainly in controlled teaching contexts	school
RI506	9	14.97	15	m	male	fra	NA	NA	f	fra	2022	FR	Ri5	6	9	6	mainly in controlled teaching contexts	school
RI507	9	NA	notAvailable	f	female	fra	ita	rou	f	fra	2022	FR	Ri5	6	notAvailable	6	mainly in controlled teaching contexts	school
RI508	9	15.35	15	f	female	fra	eng	NA	f	fra	2022	FR	Ri5	6	9	6	mainly in controlled teaching contexts	school
RI509	9	15.74	16	f	female	fra	NA	NA	f	fra	2022	FR	Ri5	6	10	6	mainly in controlled teaching contexts	school
RI510	9	15.56	16	m	male	fra	NA	NA	f	fra	2022	FR	Ri5	6	10	6	mainly in controlled teaching contexts	school
RI511	9	14.84	15	f	female	fra	eng	NA	f	fra	2022	FR	Ri5	6	9	6	mainly in controlled teaching contexts	school
RI512	9	15.77	16	f	female	fra	ger	NA	f	fra	2022	FR	Ri5	6	10	6	mainly in controlled teaching contexts	school
RI513	9	15.58	16	f	female	fra	NA	NA	f	fra	2022	FR	Ri5	6	10	6	mainly in controlled teaching contexts	school
RI514	9	15.61	16	m	male	fra	NA	NA	f	fra	2022	FR	Ri5	6	10	6	mainly in controlled teaching contexts	school
RI516	9	14.97	15	f	female	fra	NA	NA	f	fra	2022	FR	Ri5	6	9	6	mainly in controlled teaching contexts	school
RI517	9	15.64	16	f	female	fra	NA	NA	f	fra	2022	FR	Ri5	6	10	6	mainly in controlled teaching contexts	school
RI518	9	15.68	16	m	male	fra	ger	NA	f	fra	2022	FR	Ri5	6	10	6	mainly in controlled teaching contexts	school
RI519	9	14.75	15	m	male	fra	NA	NA	f	fra	2022	FR	Ri5	6	9	6	mainly in controlled teaching contexts	school
RI520	9	15.85	16	f	female	fra	ger	NA	f	fra	2022	FR	Ri5	6	10	6	mainly in controlled teaching contexts	school
RI521	9	15.43	15	f	female	fra	NA	NA	f	fra	2022	FR	Ri5	6	9	6	mainly in controlled teaching contexts	school
RI522	9	15.69	16	f	female	fra	NA	NA	f	fra	2022	FR	Ri5	6	10	6	mainly in controlled teaching contexts	school
Th101	9	15.2109589	15	f	female	deu	NA	NA	d	deu	2018	BE	Th1	notApplicable	notAvailable	notApplicable	mainly without controlled teaching processes	notApplicable
Th102	9	14.69041096	15	f	female	deu	chi	NA	d	deu	2018	BE	Th1	notApplicable	notAvailable	notApplicable	mainly without controlled teaching processes	notApplicable
Th103	9	NA	notAvailable	f	female	deu	NA	NA	d	deu	2018	BE	Th1	notApplicable	notAvailable	notApplicable	mainly without controlled teaching processes	notApplicable
Th104	9	14.9260274	15	m	male	eng	sna	NA	d	deu	2018	BE	Th1	notApplicable	notAvailable	notApplicable	mainly without controlled teaching processes	notAvailable
Th105	9	15.27123288	15	m	male	deu	NA	NA	d	deu	2018	BE	Th1	notApplicable	notAvailable	notApplicable	mainly without controlled teaching processes	notApplicable
Th106	9	15.26027397	15	f	female	aln	NA	NA	d	deu	2018	BE	Th1	notApplicable	notAvailable	notApplicable	mainly without controlled teaching processes	notAvailable
Th108	9	14.7260274	15	m	male	fra	NA	NA	d	deu	2018	BE	Th1	notApplicable	notAvailable	notApplicable	mainly without controlled teaching processes	notAvailable
Th109	9	15.42739726	15	m	male	deu	NA	NA	d	deu	2018	BE	Th1	notApplicable	notAvailable	notApplicable	mainly without controlled teaching processes	notApplicable
Th110	9	14.54246575	15	m	male	deu	NA	NA	d	deu	2018	BE	Th1	notApplicable	notAvailable	notApplicable	mainly without controlled teaching processes	notApplicable
Th113	9	14.88767123	15	m	male	deu	NA	NA	d	deu	2018	BE	Th1	notApplicable	notAvailable	notApplicable	mainly without controlled teaching processes	notApplicable
Th114	9	14.87671233	15	m	male	deu	NA	NA	d	deu	2018	BE	Th1	notApplicable	notAvailable	notApplicable	mainly without controlled teaching processes	notApplicable
Th115	9	NA	notAvailable	m	male	NA	NA	NA	d	deu	2018		Th1	notApplicable	notAvailable	notApplicable	mainly without controlled teaching processes	notAvailable
Th116	9	15.61917808	16	m	male	deu	eng	NA	d	deu	2018	BE	Th1	notApplicable	notAvailable	notApplicable	mainly without controlled teaching processes	notApplicable
Th117	9	14.83013699	15	f	female	deu	ita	NA	d	deu	2018	BE	Th1	notApplicable	notAvailable	notApplicable	mainly without controlled teaching processes	notApplicable
Th121	9	15.54246575	16	m	male	deu	NA	NA	d	deu	2018	BE	Th1	notApplicable	notAvailable	notApplicable	mainly without controlled teaching processes	notApplicable
Th122	9	15.83835616	16	m	male	deu	NA	NA	d	deu	2018	BE	Th1	notApplicable	notAvailable	notApplicable	mainly without controlled teaching processes	notApplicable
Th127	9	15.25753425	15	f	female	deu	srp	NA	d	deu	2018	BE	Th2	notApplicable	notAvailable	notApplicable	mainly without controlled teaching processes	notApplicable
Th128	9	15.2109589	15	f	female	deu	NA	NA	d	deu	2018	BE	Th2	notApplicable	notAvailable	notApplicable	mainly without controlled teaching processes	notApplicable
Th129	9	15.2109589	15	m	male	deu	NA	NA	d	deu	2018	BE	Th2	notApplicable	notAvailable	notApplicable	mainly without controlled teaching processes	notApplicable
Th133	9	15.04109589	15	m	male	deu	NA	NA	d	deu	2018	BE	Th2	notApplicable	notAvailable	notApplicable	mainly without controlled teaching processes	notApplicable
Th134	9	14.72876712	15	m	male	deu	fra	NA	d	deu	2018	BE	Th2	notApplicable	notAvailable	notApplicable	mainly without controlled teaching processes	notApplicable
Th137	9	15.24383562	15	m	male	tha	NA	NA	d	deu	2018	BE	Th2	notApplicable	notAvailable	notApplicable	mainly without controlled teaching processes	notAvailable
Th138	9	14.96164384	15	f	female	deu	spa	NA	d	deu	2018	BE	Th2	notApplicable	notAvailable	notApplicable	mainly without controlled teaching processes	notApplicable
Th139	9	NA	notAvailable	f	female	NA	NA	NA	d	deu	2018	BE	Th2	notApplicable	notAvailable	notApplicable	mainly without controlled teaching processes	notAvailable
Th140	9	15.43835616	15	m	male	deu	NA	NA	d	deu	2018	BE	Th2	notApplicable	notAvailable	notApplicable	mainly without controlled teaching processes	notApplicable
Th141	9	14.85479452	15	f	female	deu	NA	NA	d	deu	2018	BE	Th2	notApplicable	notAvailable	notApplicable	mainly without controlled teaching processes	notApplicable
Th142	9	15.03561644	15	m	male	deu	NA	NA	d	deu	2018	BE	Th2	notApplicable	notAvailable	notApplicable	mainly without controlled teaching processes	notApplicable
Th149	9	14.99726027	15	m	male	deu	NA	NA	d	deu	2018	BE	Th2	notApplicable	notAvailable	notApplicable	mainly without controlled teaching processes	notApplicable
Th150	9	14.52876712	15	f	female	deu	NA	NA	d	deu	2018	BE	Th2	notApplicable	notAvailable	notApplicable	mainly without controlled teaching processes	notApplicable
Th151	9	14.98356164	15	f	female	deu	NA	NA	d	deu	2018	BE	Th2	notApplicable	notAvailable	notApplicable	mainly without controlled teaching processes	notApplicable
Th153	9	14.49315068	14	f	female	deu	NA	NA	d	deu	2018	BE	Th2	notApplicable	notAvailable	notApplicable	mainly without controlled teaching processes	notApplicable
