DAKODA-Variable;Kurzname;Erläuterung;Wertedefinition;Kommentar zum Wertebereich;Default-Wert, falls Information nicht vorhanden;wiederholbar;;;;;;;;;;;;;;;;;;;;;;;;;;;;;;;;;;;;;;;;;;;;;;;;;;;;;;;;;;;;;;;
annotation_automatic;Wurde der Annotationsprozess automatisch durchgeführt?;Wurde der Annotationsprozess automatisch durchgeführt?;yes, no;;notAvailable;ja;;;;;;;;;;;;;;;;;;;;;;;;;;;;;;;;;;;;;;;;;;;;;;;;;;;;;;;;;;;;;;;
annotation_corrected;Wurde die automatische Annotation einer weiteren Korrektur unterzogen?;Wurde die automatische Annotation einer weiteren Korrektur unterzogen?;yes, no;;notAvailable;ja;;;;;;;;;;;;;;;;;;;;;;;;;;;;;;;;;;;;;;;;;;;;;;;;;;;;;;;;;;;;;;;
annotation_documentation;Dokumentation der Annotation;Klartextbeschreibung der Annotation oder Link zur Dokumentation;string;;notAvailable;ja;;;;;;;;;;;;;;;;;;;;;;;;;;;;;;;;;;;;;;;;;;;;;;;;;;;;;;;;;;;;;;;
annotation_evaluation;Wurde die Annotation evaluiert?;Wurde die Annotation evaluiert?;yes, no;;notAvailable;ja;;;;;;;;;;;;;;;;;;;;;;;;;;;;;;;;;;;;;;;;;;;;;;;;;;;;;;;;;;;;;;;
annotation_modelVersion;Version eines trainierten statistischen Modells oder Parametersatzes zur Verwendung mit dem Annotationswerkzeug;Version eines trainierten statistischen Modells oder Parametersatzes zur Verwendung mit dem Annotationswerkzeug;string;;notAvailable;ja;;;;;;;;;;;;;;;;;;;;;;;;;;;;;;;;;;;;;;;;;;;;;;;;;;;;;;;;;;;;;;;
annotation_tool ;Name des für die Annotation verwendeten Tools;Name des für die Annotation verwendeten Tools;string;;notAvailable;ja;;;;;;;;;;;;;;;;;;;;;;;;;;;;;;;;;;;;;;;;;;;;;;;;;;;;;;;;;;;;;;;
annotation_toolVersion;Version des für die Annotation verwendeten Tools;Version des für die Annotation verwendeten Tools;string;;notAvailable;ja;;;;;;;;;;;;;;;;;;;;;;;;;;;;;;;;;;;;;;;;;;;;;;;;;;;;;;;;;;;;;;;
annotation_type;Eindeutige Kennung für die Annotation;Eindeutige Kennung für die Annotation;string;;notAvailable;ja;;;;;;;;;;;;;;;;;;;;;;;;;;;;;;;;;;;;;;;;;;;;;;;;;;;;;;;;;;;;;;;
annotator_id;Eindeutige Kennung für den/die manuelle/n Annotator/-in;Eindeutige Kennung für den/die manuelle/n Annotator/-in;string;;notAvailable;ja;;;;;;;;;;;;;;;;;;;;;;;;;;;;;;;;;;;;;;;;;;;;;;;;;;;;;;;;;;;;;;;
annotator_L1;L1 der/des Annotator/-in;L1 der/des Annotator/-in;ISO 639-3;;notAvailable;ja;;;;;;;;;;;;;;;;;;;;;;;;;;;;;;;;;;;;;;;;;;;;;;;;;;;;;;;;;;;;;;;
annotator_L2;L2 der/des Annotator/-in;L2 der/des Annotator/-in;ISO 639-3;;notAvailable;ja;;;;;;;;;;;;;;;;;;;;;;;;;;;;;;;;;;;;;;;;;;;;;;;;;;;;;;;;;;;;;;;
annotator_note;Anmerkungen zum/zur Annotator/-in;Anmerkungen zum/zur Annotator/-in;string;;notAvailable;ja;;;;;;;;;;;;;;;;;;;;;;;;;;;;;;;;;;;;;;;;;;;;;;;;;;;;;;;;;;;;;;;
annotator_targetLanguageCompetence;Zielsprachenkompetenz des Annotators/der Annotatorin;Zielsprachenkompetenz des Annotators/der Annotatorin;string;;notAvailable;ja;;;;;;;;;;;;;;;;;;;;;;;;;;;;;;;;;;;;;;;;;;;;;;;;;;;;;;;;;;;;;;;
annotator_type;Erfahrung des Annotators/der Annotatorin;Erfahrung des Annotators/der Annotatorin;string;;notAvailable;ja;;;;;;;;;;;;;;;;;;;;;;;;;;;;;;;;;;;;;;;;;;;;;;;;;;;;;;;;;;;;;;;
corpus_admin_acronym;Akronym;Akronym oder Kurztitel des Korpus ;string;;notAvailable;nein;;;;;;;;;;;;;;;;;;;;;;;;;;;;;;;;;;;;;;;;;;;;;;;;;;;;;;;;;;;;;;;
corpus_admin_author;Herausgeber/-in;Verantwortliche/-r des Korpus (Original-Version);"string (Nachname, Vorname; Nachname, Vorname)";;notAvailable;ja;;;;;;;;;;;;;;;;;;;;;;;;;;;;;;;;;;;;;;;;;;;;;;;;;;;;;;;;;;;;;;;
corpus_admin_availability;Zugriff;Zugang und Lizenz;open, restricted, special restrictions, closed;;keine Fehlwerte erlaubt;nein;;;;;;;;;;;;;;;;;;;;;;;;;;;;;;;;;;;;;;;;;;;;;;;;;;;;;;;;;;;;;;;
corpus_admin_citationDocument;Referenz auf Textbelege;Notiz, wie Textbelege referenziert werden sollen;string;;notAvailable;nein;;;;;;;;;;;;;;;;;;;;;;;;;;;;;;;;;;;;;;;;;;;;;;;;;;;;;;;;;;;;;;;
corpus_admin_citeAs;Zitation des Korpus;Zitation des Korpus;string;;notAvailable;nein;;;;;;;;;;;;;;;;;;;;;;;;;;;;;;;;;;;;;;;;;;;;;;;;;;;;;;;;;;;;;;;
corpus_admin_contactMail;Emailadresse der/des Korpusherausgeber/-in;Emailadresse der/des Korpusverantwortlichen (Original-Version);string (mit @);;notAvailable;ja;;;;;;;;;;;;;;;;;;;;;;;;;;;;;;;;;;;;;;;;;;;;;;;;;;;;;;;;;;;;;;;
corpus_admin_contributor_dkd;Mitwirkende (DAKODA-Version);Mitwirkende (DAKODA-Version);Jamila Bläsing, Luise Böttcher, Shanny Druker, Lisa Lenort, Annette Portmann, Christine Renker, Josef Ruppenhofer, Matthias Schwendemann, Iulia Sucutardean, Katrin Wisniewski, Torsten Zesch;;notAvailable;immer derselbe Wert;;;;;;;;;;;;;;;;;;;;;;;;;;;;;;;;;;;;;;;;;;;;;;;;;;;;;;;;;;;;;;;
corpus_admin_contributor_orig;Mitwirkende (Original-Version);Mitwirkende (Original-Version);string;;notAvailable;ja;;;;;;;;;;;;;;;;;;;;;;;;;;;;;;;;;;;;;;;;;;;;;;;;;;;;;;;;;;;;;;;
corpus_admin_dateOfPublication_orig;Veröffentlichungsdatum;Veröffentlichungsdatum der verwendeten Korpusversion;date;;notAvailable;nein;;;;;;;;;;;;;;;;;;;;;;;;;;;;;;;;;;;;;;;;;;;;;;;;;;;;;;;;;;;;;;;
corpus_admin_documentation;Korpushandbuch;Transkriptions- und Annotationsrichtlinien;string;;notAvailable;ja;;;;;;;;;;;;;;;;;;;;;;;;;;;;;;;;;;;;;;;;;;;;;;;;;;;;;;;;;;;;;;;
corpus_admin_fileFormat;Dateiformate;Dateiformate (DAKODA-Version);string;;notAvailable;ja;;;;;;;;;;;;;;;;;;;;;;;;;;;;;;;;;;;;;;;;;;;;;;;;;;;;;;;;;;;;;;;
corpus_admin_licence;Lizenz;Lizenz des Korpus (DAKODA-Version);string;;notAvailable;nein;;;;;;;;;;;;;;;;;;;;;;;;;;;;;;;;;;;;;;;;;;;;;;;;;;;;;;;;;;;;;;;
corpus_admin_licenceFulltext;Lizenztext ;Lizenztext (DAKODA-Version);string;;notAvailable;nein;;;;;;;;;;;;;;;;;;;;;;;;;;;;;;;;;;;;;;;;;;;;;;;;;;;;;;;;;;;;;;;
corpus_admin_licenceUrl;Link zu Lizenztext ;Link zu Lizenztext (DAKODA-Version);string;;notAvailable;nein;;;;;;;;;;;;;;;;;;;;;;;;;;;;;;;;;;;;;;;;;;;;;;;;;;;;;;;;;;;;;;;
corpus_admin_name;Korpustitel ;Titel des Korpus ausgeschrieben;string;;keine Fehlwerte erlaubt;nein;;;;;;;;;;;;;;;;;;;;;;;;;;;;;;;;;;;;;;;;;;;;;;;;;;;;;;;;;;;;;;;
corpus_admin_otherVersions;andere Korpusversionen;Link zu anderen Versionen des Korpus;string;;notAvailable;ja;;;;;;;;;;;;;;;;;;;;;;;;;;;;;;;;;;;;;;;;;;;;;;;;;;;;;;;;;;;;;;;
corpus_admin_pid_dkd;PID (DAKODA-Version);Persistent Identifier (DAKODA-Version);string;;notAvailable;nein;;;;;;;;;;;;;;;;;;;;;;;;;;;;;;;;;;;;;;;;;;;;;;;;;;;;;;;;;;;;;;;
corpus_admin_pid_orig;PID (Original-Version);Persistent Identifier (Original-Version);string;;notAvailable;nein;;;;;;;;;;;;;;;;;;;;;;;;;;;;;;;;;;;;;;;;;;;;;;;;;;;;;;;;;;;;;;;
corpus_admin_refArticle;Referenzartikel;Referenzartikel zum Korpus;string;;notAvailable;ja;;;;;;;;;;;;;;;;;;;;;;;;;;;;;;;;;;;;;;;;;;;;;;;;;;;;;;;;;;;;;;;
corpus_admin_referencesOther;weitere Links;weitere wichtige Referenz oder Link;string;;notAvailable;ja;;;;;;;;;;;;;;;;;;;;;;;;;;;;;;;;;;;;;;;;;;;;;;;;;;;;;;;;;;;;;;;
corpus_admin_researchPaper;weitere Publikationen;weitere Publikation;string;;notAvailable;ja;;;;;;;;;;;;;;;;;;;;;;;;;;;;;;;;;;;;;;;;;;;;;;;;;;;;;;;;;;;;;;;
corpus_admin_URLdownload;Korpusdownload (Original-Version);Link zum Korpusdownload (Original-Version);string;;notAvailable;ja;;;;;;;;;;;;;;;;;;;;;;;;;;;;;;;;;;;;;;;;;;;;;;;;;;;;;;;;;;;;;;;
corpus_admin_URLquery;Korpussuche (Original-Version);Link zur Korpussuche (Original-Version);string;;notAvailable;ja;;;;;;;;;;;;;;;;;;;;;;;;;;;;;;;;;;;;;;;;;;;;;;;;;;;;;;;;;;;;;;;
corpus_admin_version_orig;Version der Originaldateien;Datenversion, die DAKODA-Version zugrunde liegt: Versionsnummer, PID oder Download-Link mit Datum;string;;notAvailable;nein;;;;;;;;;;;;;;;;;;;;;;;;;;;;;;;;;;;;;;;;;;;;;;;;;;;;;;;;;;;;;;;
corpus_annotation_hasBorrowedAnnotation_orig;Enthält das Korpus Annotationen zu aus der Aufgabenstellung übernommenen Strukturen?;Enthält das Korpus in der Originalversion Annotationen zu den aus der Aufgabenstellung übernommenen Strukturen?;yes, no;;notAvailable;nein;;;;;;;;;;;;;;;;;;;;;;;;;;;;;;;;;;;;;;;;;;;;;;;;;;;;;;;;;;;;;;;
corpus_annotation_hasErrorAnnotation_orig;Enthält das Korpus Fehlerannotationen?;Enthält das Korpus in der Originalversion Fehlerannotationen?;yes, no;;notAvailable;nein;;;;;;;;;;;;;;;;;;;;;;;;;;;;;;;;;;;;;;;;;;;;;;;;;;;;;;;;;;;;;;;
corpus_annotation_hasTargetHypotheses_orig;Enthält das Korpus Zielhypothesen?;Enthält das Korpus in der Originalversion Zielhypothesen oder eine andere Art von Normierung?;yes, no;;notAvailable;nein;;;;;;;;;;;;;;;;;;;;;;;;;;;;;;;;;;;;;;;;;;;;;;;;;;;;;;;;;;;;;;;
corpus_design_description;Beschreibung;kurzer Beschreibungstext;string;;notAvailable;nein;;;;;;;;;;;;;;;;;;;;;;;;;;;;;;;;;;;;;;;;;;;;;;;;;;;;;;;;;;;;;;;
corpus_design_designType;Studiendesign;Design der Datenerhebung/Studiendesign;longitudinal, pseudo-longitudinal, cross-sectional;;notAvailable;nein;;;;;;;;;;;;;;;;;;;;;;;;;;;;;;;;;;;;;;;;;;;;;;;;;;;;;;;;;;;;;;;
corpus_design_group;Korpusgruppe;Zugehörigkeit des Korpus zu einer Korpusgruppe;CDLK, KiezDeutsch-Korpus , DISKO, EURAC-Korpora, Falko, FD-Lex, HaMaTaC/HAMoTiC;;notAvailable;nein;;;;;;;;;;;;;;;;;;;;;;;;;;;;;;;;;;;;;;;;;;;;;;;;;;;;;;;;;;;;;;;
corpus_design_IsComparableDataIncluded;Gibt es Vergleichsdaten?;Hat das Korpus Vergleichsdaten in Bezug darauf, ob das Deutsch als Erst-, Zweit-, Fremd-, Heritagesprache etc. genutzt wird?;yes, no;;notAvailable;nein;;;;;;;;;;;;;;;;;;;;;;;;;;;;;;;;;;;;;;;;;;;;;;;;;;;;;;;;;;;;;;;
corpus_design_l1Languages;Erstsprache(n);Ausgangssprachen  ;ISO 639-3;;notAvailable;ja;;;;;;;;;;;;;;;;;;;;;;;;;;;;;;;;;;;;;;;;;;;;;;;;;;;;;;;;;;;;;;;
corpus_design_l1Type;Erstsprachenkonstellation;Erstsprachenkonstellation;mono, multi;"eine Ausgangssprache: mono; mehrere Ausgangssprachen: multi";notAvailable;nein;;;;;;;;;;;;;;;;;;;;;;;;;;;;;;;;;;;;;;;;;;;;;;;;;;;;;;;;;;;;;;;
corpus_design_targetLanguages;Zielsprache(n) ;Zielsprache(n) des Gesamtkorpus;ISO 639-3;;notAvailable;ja;;;;;;;;;;;;;;;;;;;;;;;;;;;;;;;;;;;;;;;;;;;;;;;;;;;;;;;;;;;;;;;
corpus_design_targetLanguageType;Zielsprache(n)konstellation;Zielsprachen des Gesamtkorpus;mono, multi;"nur Deutsch als Zielsprache: mono; neben Deutsch weitere Zielsprachen: multi";notAvailable;nein;;;;;;;;;;;;;;;;;;;;;;;;;;;;;;;;;;;;;;;;;;;;;;;;;;;;;;;;;;;;;;;
corpus_design_timeOfDataCollection;Erhebungszeitraum ;"Erhebungszeitraum als Jahresangabe; wenn Information nicht auffindbar, Projektlaufzeit angeben";dddd, dddd-dddd;;notAvailable;nein;;;;;;;;;;;;;;;;;;;;;;;;;;;;;;;;;;;;;;;;;;;;;;;;;;;;;;;;;;;;;;;
corpus_proficiency_assignmentMethod;Typ der Kompetenzmessung;Bezugsgröße der Bewertung;"learner-centred, text-centred; text-centred automatic; none";"learner-centred method, text-centred method; text-centred automatic method; none";notAvailable;ja;;;;;;;;;;;;;;;;;;;;;;;;;;;;;;;;;;;;;;;;;;;;;;;;;;;;;;;;;;;;;;;
corpus_proficiency_IsAssignmentAvailable;Enthält das Korpus Sprachkompetenzangaben?;Enthält das Korpus Sprachkompetenzangaben für Lernende oder Texte?;yes, no;;notAvailable;nein;;;;;;;;;;;;;;;;;;;;;;;;;;;;;;;;;;;;;;;;;;;;;;;;;;;;;;;;;;;;;;;
corpus_proficiency_learnerAssignmentInstrument;Instrument (sprecherbezogene Kompetenz);Instrument, das für die sprecher:innenbezogene Bewertung benutzt wurde;string;;notAvailable;ja;;;;;;;;;;;;;;;;;;;;;;;;;;;;;;;;;;;;;;;;;;;;;;;;;;;;;;;;;;;;;;;
corpus_proficiency_levelMax;Maximalniveau;"Kompetenzniveau der Lernenden des Korpus; wenn nur näherungsweise bekannt, hier den Maximum-Wert eintragen";A1, A2, B1, B2, C1, C2;;notAvailable;ja;;;;;;;;;;;;;;;;;;;;;;;;;;;;;;;;;;;;;;;;;;;;;;;;;;;;;;;;;;;;;;;
corpus_proficiency_levelMin;Minimalniveau;"Kompetenzniveau der Lernenden des Korpus; wenn nur näherungsweise bekannt, hier den Minimum-Wert eintragen";A1, A2, B1, B2, C1, C2;;notAvailable;ja;;;;;;;;;;;;;;;;;;;;;;;;;;;;;;;;;;;;;;;;;;;;;;;;;;;;;;;;;;;;;;;
corpus_proficiency_textAssignmentInstrument;Instrument (textbezogene Kompetenz);Instrument, das für die textbezogene Bewertung benutzt wurde ;string;;notAvailable;ja;;;;;;;;;;;;;;;;;;;;;;;;;;;;;;;;;;;;;;;;;;;;;;;;;;;;;;;;;;;;;;;
corpus_project_contact_orig;Kontakt des Projekts (Original-Version);Kontakt des Erstellungsprojekts (Original-Version);Email-Adresse;;notAvailable;nein;;;;;;;;;;;;;;;;;;;;;;;;;;;;;;;;;;;;;;;;;;;;;;;;;;;;;;;;;;;;;;;
corpus_project_duration_dkd;Laufzeit (DAKODA);Projektlaufzeit (DAKODA-Version);2022-2025;;notAvailable;immer derselbe Wert;;;;;;;;;;;;;;;;;;;;;;;;;;;;;;;;;;;;;;;;;;;;;;;;;;;;;;;;;;;;;;;
corpus_project_duration_orig;Projektlaufzeit (Original-Version);Projektlaufzeit (Original-Version);dddd-dddd, dddd-andauernd;"wenn keine Informationen auffindbar, Erhebungszeitraum; falls kein Enddatum bekannt, 'andauernd'; bei Promotionen Erhebungszeitraum und nicht Zeitraum der Promotion";notAvailable;nein;;;;;;;;;;;;;;;;;;;;;;;;;;;;;;;;;;;;;;;;;;;;;;;;;;;;;;;;;;;;;;;
corpus_project_head_dkd;Projektleitung (DAKODA);Leiter/-in des Projekts der DAKODA-Version;Katrin Wisniewski, Torsten Zesch;;notAvailable;immer derselbe Wert;;;;;;;;;;;;;;;;;;;;;;;;;;;;;;;;;;;;;;;;;;;;;;;;;;;;;;;;;;;;;;;
corpus_project_head_orig;Projektleitung (Original-Version);Leiter/-in(nen) des Erstellungsprojekts (Original-Version);"string (Nachname, Vorname; Nachname, Vorname)";;notAvailable;ja;;;;;;;;;;;;;;;;;;;;;;;;;;;;;;;;;;;;;;;;;;;;;;;;;;;;;;;;;;;;;;;
corpus_project_institution_dkd;Einrichtungen (DAKODA);Einrichtungen des Projekts (DAKODA-Version);Universität Leipzig, FernUniversität Hagen;;notAvailable;immer derselbe Wert;;;;;;;;;;;;;;;;;;;;;;;;;;;;;;;;;;;;;;;;;;;;;;;;;;;;;;;;;;;;;;;
corpus_project_institution_orig;Einrichtung des Projekts (Original-Version);Einrichtung des Projekts (Original-Version);string (Wenn universitäre Einrichtung dann mit Kommata abgetrennt: UNIVERSITÄT, FAKULTÄT, INSTITUT, FORSCHUNGSGRUPPE);falls Dissertationsprojekt, dann Universität, an der Promotionsverfahren abgehalten wurde;notAvailable;ja;;;;;;;;;;;;;;;;;;;;;;;;;;;;;;;;;;;;;;;;;;;;;;;;;;;;;;;;;;;;;;;
corpus_project_name_dkd;Projektname (DAKODA);Name des Projekts (DAKODA-Version);Datenkompetenzen in DaF/DaZ: Exploration sprachtechnologischer Ansätze zur Analyse von L2-Erwerbsstufen in Lernerkorpora des Deutschen;;notAvailable;immer derselbe Wert;;;;;;;;;;;;;;;;;;;;;;;;;;;;;;;;;;;;;;;;;;;;;;;;;;;;;;;;;;;;;;;
corpus_project_name_orig;Projektname (Original-Version);Name des Projekts, der Forschungsgruppe oder der Person, das/die das Korpus erhoben hat;"string, ""im Rahmen der Dissertation von NAME erstellt"", ""innerhalb von Forschungsgruppe NAME""";;notAvailable;nein;;;;;;;;;;;;;;;;;;;;;;;;;;;;;;;;;;;;;;;;;;;;;;;;;;;;;;;;;;;;;;;
corpus_project_type_dkd;Art des Projekts (DAKODA);Art des Projekts der DAKODA-Version;Bundesministerium für Bildung und Forschung (BMBF);;notAvailable;immer derselbe Wert;;;;;;;;;;;;;;;;;;;;;;;;;;;;;;;;;;;;;;;;;;;;;;;;;;;;;;;;;;;;;;;
corpus_project_type_orig;Art des Projekts (Original-Version);Art des Erstellungsprojekts: Förderungsart und Projektnummer des Fördermittelgebers (Original-Version);string;;notAvailable;nein;;;;;;;;;;;;;;;;;;;;;;;;;;;;;;;;;;;;;;;;;;;;;;;;;;;;;;;;;;;;;;;
corpus_project_URL_dkd;Projektwebsite (DAKODA);Projektwebsite (DAKODA-Version);string (Website);;notAvailable;nein;;;;;;;;;;;;;;;;;;;;;;;;;;;;;;;;;;;;;;;;;;;;;;;;;;;;;;;;;;;;;;;
corpus_project_URL_orig;Projektwebsite (Original-Version);Projektwebsite (Original-Version);string (Website);;notAvailable;nein;;;;;;;;;;;;;;;;;;;;;;;;;;;;;;;;;;;;;;;;;;;;;;;;;;;;;;;;;;;;;;;
corpus_subcorpus_signet;Siegel des (Teil-)Korpus in DAKODA;Siegel des (Teil-)Korpus im DAKODA-Repositorium;string;;notAvailable;nein;;;;;;;;;;;;;;;;;;;;;;;;;;;;;;;;;;;;;;;;;;;;;;;;;;;;;;;;;;;;;;;
corpus_subcorpus_size;Speicherplatz/Größe;Speicherplatz/Größe KB, MB, GB, TB oder PB;number;;notAvailable;nein;;;;;;;;;;;;;;;;;;;;;;;;;;;;;;;;;;;;;;;;;;;;;;;;;;;;;;;;;;;;;;;
corpus_subcorpus_sizeLearners;Anzahl Sprecher/innen Subkorpus;Anzahl der Sprecher:innen im Subkorpus (DAKODA-Version);number;;notAvailable;nein;;;;;;;;;;;;;;;;;;;;;;;;;;;;;;;;;;;;;;;;;;;;;;;;;;;;;;;;;;;;;;;
corpus_subcorpus_sizeTexts;Anzahl Texte Subkorpus;Anzahl der Texte im Subkorpus (DAKODA-Version);number;;notAvailable;nein;;;;;;;;;;;;;;;;;;;;;;;;;;;;;;;;;;;;;;;;;;;;;;;;;;;;;;;;;;;;;;;
corpus_subcorpus_sizeTokens;Anzahl Tokens Subkorpus;Anzahl der Token im Subkorpus (DAKODA-Version);number;;notAvailable;nein;;;;;;;;;;;;;;;;;;;;;;;;;;;;;;;;;;;;;;;;;;;;;;;;;;;;;;;;;;;;;;;
corpus_subcorpus_targetLanguage;Zielsprache des Subkorpus;Zielsprache des hier ausgezeichneten Subkorpus: Für DAKODA immer Deutsch;ISO 639-3;;notAvailable;nein;;;;;;;;;;;;;;;;;;;;;;;;;;;;;;;;;;;;;;;;;;;;;;;;;;;;;;;;;;;;;;;
learner_id;Sprecher-ID;Personen-ID (DAKODA-Version);string;;keine Fehlwerte erlaubt;nein;;;;;;;;;;;;;;;;;;;;;;;;;;;;;;;;;;;;;;;;;;;;;;;;;;;;;;;;;;;;;;;
learner_id_orig;Sprecher-ID (Original-Version);Sprecher-ID(s) (Original-Version);string;Wenn mehrere Identifier oder Pseudonyme im Originalkorpus verwendet werden, können mehrere Werte eingetragen werden.;notAvailable;ja;;;;;;;;;;;;;;;;;;;;;;;;;;;;;;;;;;;;;;;;;;;;;;;;;;;;;;;;;;;;;;;
learner_language_dominantWordOrder;Wortstellungstyp der L2;Wortstellungstyp der L2 nach WALS;SVO, VSO, OVS, no dominant word order, unclear;;notAvailable;ja;;;;;;;;;;;;;;;;;;;;;;;;;;;;;;;;;;;;;;;;;;;;;;;;;;;;;;;;;;;;;;;
learner_language_exposure_durationOfInstruction;Dauer des Sprachunterrichts;Anzahl der Monate von Fremd- bzw. Zweitsprache-Unterricht;number;;notAvailable;nein;;;;;;;;;;;;;;;;;;;;;;;;;;;;;;;;;;;;;;;;;;;;;;;;;;;;;;;;;;;;;;;
learner_language_exposure_durationOfUse;Nutzungsdauer;Anzahl der Monate, in denen Sprache genutzt wurde;number;;notAvailable;nein;;;;;;;;;;;;;;;;;;;;;;;;;;;;;;;;;;;;;;;;;;;;;;;;;;;;;;;;;;;;;;;
learner_language_exposure_input;Typ des Inputs;Typ des Inputs, durch welchen Sprecher:in hauptsächlich Kontakt mit der Sprache hat(te);mainly without controlled teaching processes, mainly in controlled teaching contexts, hybrid;;"IF L1: mainly without controlled teaching processes; IF L2: notAvailable";nein;;;;;;;;;;;;;;;;;;;;;;;;;;;;;;;;;;;;;;;;;;;;;;;;;;;;;;;;;;;;;;;
learner_language_exposure_institution;Typ der Institution des Unterrichts;Typ der Institution, in der die Sprache erlernt wurde;language school, school, university, other;;notAvailable;ja;;;;;;;;;;;;;;;;;;;;;;;;;;;;;;;;;;;;;;;;;;;;;;;;;;;;;;;;;;;;;;;
learner_language_exposure_learningContext;Lernkontexte;Auflistung der Lernkontexte von Erwerbsbeginn bis zum Alter der Datenerhebung;"Use tuples and choose among instructed, immersive and naturalistic; e.g. {12-20: instructed}";;notAvailable;ja;;;;;;;;;;;;;;;;;;;;;;;;;;;;;;;;;;;;;;;;;;;;;;;;;;;;;;;;;;;;;;;
learner_language_exposure_monthsSpentEnvironment;Aufenthaltsdauer in Ländern, in denen Sprache gesprochen wird;Anzahl der Monate des Aufenthalts in Ländern, in denen die Sprache gesprochen wird;number;;notAvailable;nein;;;;;;;;;;;;;;;;;;;;;;;;;;;;;;;;;;;;;;;;;;;;;;;;;;;;;;;;;;;;;;;
learner_language_exposure_onset;Age of Onset;Alter der Person bei Beginn des Spracherwerbs;number;;notAvailable;nein;;;;;;;;;;;;;;;;;;;;;;;;;;;;;;;;;;;;;;;;;;;;;;;;;;;;;;;;;;;;;;;
learner_language_exposure_placeAcquisition;Spracherwerbsort;Ort, an dem Sprache hauptsächlich erlernt wurde ;"ISO 3166-ALPHA-3; within German-speaking countries; outside German-speaking countries; hybrid";;notAvailable;nein;;;;;;;;;;;;;;;;;;;;;;;;;;;;;;;;;;;;;;;;;;;;;;;;;;;;;;;;;;;;;;;
learner_language_exposure_wasInEnvironment;War der/die Lerner/-in zum Erhebungszeitpunkt in einem Land, in dem die Sprache gesprochen wird?;War der/die Lerner/-in zum Erhebungszeitpunkt in einem Land, in dem die Sprache gesprochen wird?;yes, no;;"IF target language: notAvailable; IF ELSE: notApplicable";nein;;;;;;;;;;;;;;;;;;;;;;;;;;;;;;;;;;;;;;;;;;;;;;;;;;;;;;;;;;;;;;;
learner_language_exposure_wasInstructed;Besuchte die/der Lerner/-in zum Erhebungszeitpunkt Sprachunterricht?;Besuchte die/der Lerner/-in zum Zeitpunkt der Datenerhebung regelmäßig Sprachunterricht?;yes, no;;"IF target language: notAvailable; IF ELSE: notApplicable";nein;;;;;;;;;;;;;;;;;;;;;;;;;;;;;;;;;;;;;;;;;;;;;;;;;;;;;;;;;;;;;;;
learner_language_group;Sprachfamilie;Sprachfamilie nach WALS;string;;notAvailable;nein;;;;;;;;;;;;;;;;;;;;;;;;;;;;;;;;;;;;;;;;;;;;;;;;;;;;;;;;;;;;;;;
learner_language_iso6393;Zielsprache;Code nach ISO 639-3 für die Sprache;[ISO language code 639-3];;notAvailable;nein;;;;;;;;;;;;;;;;;;;;;;;;;;;;;;;;;;;;;;;;;;;;;;;;;;;;;;;;;;;;;;;
learner_language_isSpokenHome;War/Ist Sprache auch Familiensprache? ;Wurde/wird die Sprache zu Hause/mit der Familie gesprochen?;yes, no;;notAvailable;nein;;;;;;;;;;;;;;;;;;;;;;;;;;;;;;;;;;;;;;;;;;;;;;;;;;;;;;;;;;;;;;;
learner_language_isSpokenSchool;War/Ist Sprache auch Unterrichtssprache? ;War/Ist Sprache auch Unterrichtssprache an der Schule? ;yes, no;;notAvailable;nein;;;;;;;;;;;;;;;;;;;;;;;;;;;;;;;;;;;;;;;;;;;;;;;;;;;;;;;;;;;;;;;
learner_language_IsTarget;Ist die Sprache im Korpus vertreten?;Ist für die Sprache ein Text im Korpus vorhanden?;yes, no;;notAvailable;nein;;;;;;;;;;;;;;;;;;;;;;;;;;;;;;;;;;;;;;;;;;;;;;;;;;;;;;;;;;;;;;;
learner_language_parentL1;L1 des Vaters;Welche der Elternteile hat die Sprache gesprochen?;"mother; father; not specified attachment figure; none";;notAvailable;ja;;;;;;;;;;;;;;;;;;;;;;;;;;;;;;;;;;;;;;;;;;;;;;;;;;;;;;;;;;;;;;;
learner_language_proficiency_assignmentInstrument;Instrument der Bewertung;Instrument der lernerbezogenen Sprachkompetenzbewertung;string;;notAvailable;nein;;;;;;;;;;;;;;;;;;;;;;;;;;;;;;;;;;;;;;;;;;;;;;;;;;;;;;;;;;;;;;;
learner_language_proficiency_assignmentMethod;Art der Bewertung;Art der lernerbezogenen Bewertung;independent instrument, total test score, other;;notAvailable;nein;;;;;;;;;;;;;;;;;;;;;;;;;;;;;;;;;;;;;;;;;;;;;;;;;;;;;;;;;;;;;;;
learner_language_proficiency_cefrMax;GER-Bewertung;"jegliche Art von Sprachkompetenzmessung des/der Lerner/-in als GER-Niveaustufe. Wenn das Niveau nicht genau angegeben werden kann, wird hier die obere Grenze der Kompetenz angegeben, bei ""B2-C1"" also C1.";A1, A2, B1, B2, C1, C2;;notAvailable;nein;;;;;;;;;;;;;;;;;;;;;;;;;;;;;;;;;;;;;;;;;;;;;;;;;;;;;;;;;;;;;;;
learner_language_proficiency_cefrMin;GER-Bewertung;"jegliche Art von Sprachkompetenzmessung des/der Lerner/-in als GER-Niveaustufe. Wenn das Niveau nicht genau angegeben werden kann, wird hier die untere Grenze der Kompetenz angegeben, bei ""B2-C1"" also B2.";A1, A2, B1, B2, C1, C2;;notAvailable;nein;;;;;;;;;;;;;;;;;;;;;;;;;;;;;;;;;;;;;;;;;;;;;;;;;;;;;;;;;;;;;;;
learner_language_proficiency_cTestCefrMax;C-Test-GER-Niveau;"Niveaustufe bei GER-bezogenen C-Tests. Wenn das Niveau nicht genau angegeben werden kann, wird hier die obere Grenze der Kompetenz angegeben, bei ""B2-C1"" also C1.";A1, A2, B1, B2, C1, C2;;notAvailable;nein;;;;;;;;;;;;;;;;;;;;;;;;;;;;;;;;;;;;;;;;;;;;;;;;;;;;;;;;;;;;;;;
learner_language_proficiency_cTestCefrMin;C-Test-GER-Niveau;"Niveaustufe bei GER-bezogenen C-Tests. Wenn das Niveau nicht genau angegeben werden kann, wird hier die untere Grenze der Kompetenz angegeben, bei ""B2-C1"" also B2.";A1, A2, B1, B2, C1, C2;;notAvailable;nein;;;;;;;;;;;;;;;;;;;;;;;;;;;;;;;;;;;;;;;;;;;;;;;;;;;;;;;;;;;;;;;
learner_language_proficiency_cTestLevelDetail;C-Test-Stufe detailliert;detaillierte C-Test-Niveaustufe;string;;notAvailable;nein;;;;;;;;;;;;;;;;;;;;;;;;;;;;;;;;;;;;;;;;;;;;;;;;;;;;;;;;;;;;;;;
learner_language_proficiency_cTestPercent;C-Test-Ergebnis in Prozent;C-Test-Ergebnis in Prozent;%;;notAvailable;nein;;;;;;;;;;;;;;;;;;;;;;;;;;;;;;;;;;;;;;;;;;;;;;;;;;;;;;;;;;;;;;;
learner_language_proficiency_cTestType;C-Test-Typ;Name des C-Tests;string;;notAvailable;nein;;;;;;;;;;;;;;;;;;;;;;;;;;;;;;;;;;;;;;;;;;;;;;;;;;;;;;;;;;;;;;;
learner_language_proficiency_documentation;Dokumentation zu Sprachkompetenzangabe;Verweis auf Dokumentation dazu, wie die lernerbezogene Sprachkompetenzbewertung stattgefunden hat;string;;notAvailable;nein;;;;;;;;;;;;;;;;;;;;;;;;;;;;;;;;;;;;;;;;;;;;;;;;;;;;;;;;;;;;;;;
learner_language_proficiency_estimateMax;geschätzte maximale Kompetenz;"näherungsweise Angabe zur Sprachkompetenz des/der Sprecher/-in; basierend wenn möglich auf GeR-bezogener Textbewertung; sonst lerner-bezogene Bewertung, Curriculum der Schule, Universität oder Sprachschule oder Einschätzung der Korpusautor:innen. Wenn das Niveau nicht genau einer Stufe zugeordnet werden kann, wird hier die obere Grenze der geschätzten Kompetenz angegeben.";A1, A2, B1, B2, C1, C2;;notAvailable;nein;;;;;;;;;;;;;;;;;;;;;;;;;;;;;;;;;;;;;;;;;;;;;;;;;;;;;;;;;;;;;;;
learner_language_proficiency_estimateMin;geschätzte minimale Kompetenz;"näherungsweise Angabe zur Sprachkompetenz des/der Sprecher/-in; basierend wenn möglich auf GeR-bezogener Textbewertung; wenn nicht, basierend auf C-Test-Ergebnis oder duration of use (0-2 Jahre = A1, 2-5 Jahre = B1, >5  Jahre = C1). Wenn das Niveau nicht genau angegeben werden kann, wird hier die untere Grenze der geschätzten Kompetenz angegeben.";A1, A2, B1, B2, C1, C2;;notAvailable;nein;;;;;;;;;;;;;;;;;;;;;;;;;;;;;;;;;;;;;;;;;;;;;;;;;;;;;;;;;;;;;;;
learner_language_proficiency_score;Prüfungsbewertung;Note, Punktanzahl oder schriftliches Urteil einer absolvierten Zweit- oder Fremdsprachenprüfung (nicht harmonisierte Werte);string/number;;notAvailable;nein;;;;;;;;;;;;;;;;;;;;;;;;;;;;;;;;;;;;;;;;;;;;;;;;;;;;;;;;;;;;;;;
learner_language_proficiency_selfAssessment;Selbsteinschätzung;Selbsteinschätzung der Sprachkenntnisse;string;;notAvailable;nein;;;;;;;;;;;;;;;;;;;;;;;;;;;;;;;;;;;;;;;;;;;;;;;;;;;;;;;;;;;;;;;
learner_language_status;Sprachstatus;Welchen Status hat die Sprache für die/den Lerner/in?;L1, L2, heritage language, other;;notAvailable;nein;;;;;;;;;;;;;;;;;;;;;;;;;;;;;;;;;;;;;;;;;;;;;;;;;;;;;;;;;;;;;;;
learner_lCount;Anzahl gesprochener Sprachen inklusive L1;Anzahl gesprochener Sprachen inklusive L1;number;;notAvailable;nein;;;;;;;;;;;;;;;;;;;;;;;;;;;;;;;;;;;;;;;;;;;;;;;;;;;;;;;;;;;;;;;
learner_multipleL1;Hat der/die Sprecher/-in mehr als eine L1?;Hat der/die Sprecher/-in mehr als eine L1?;yes, no;;notAvailable;nein;;;;;;;;;;;;;;;;;;;;;;;;;;;;;;;;;;;;;;;;;;;;;;;;;;;;;;;;;;;;;;;
learner_note;Kommentar zum/zur Sprecher/-in;Kommentar zum/zur Sprecher/-in;string;;notAvailable;nein;;;;;;;;;;;;;;;;;;;;;;;;;;;;;;;;;;;;;;;;;;;;;;;;;;;;;;;;;;;;;;;
learner_socio_ageProduction;Alter;Alter in Jahren der/des Sprecher/-in zum Zeitpunkt der Produktion;number;;notAvailable;nein;;;;;;;;;;;;;;;;;;;;;;;;;;;;;;;;;;;;;;;;;;;;;;;;;;;;;;;;;;;;;;;
learner_socio_birthplace;Geburtsort ;Geburtsort der/des Sprecher/-in;"ISO 3166-ALPHA-3; within German-speaking countries; outside German-speaking countries; hybrid";;notAvailable;nein;;;;;;;;;;;;;;;;;;;;;;;;;;;;;;;;;;;;;;;;;;;;;;;;;;;;;;;;;;;;;;;
learner_socio_country;Herkunftsland;Land, in dem Sprecher/-in den Großteil seiner/ihrer Kindheit bis 18 Jahre verbracht hat;"ISO 3166-ALPHA-3; within German-speaking countries; outside German-speaking countries; hybrid";;notAvailable;nein;;;;;;;;;;;;;;;;;;;;;;;;;;;;;;;;;;;;;;;;;;;;;;;;;;;;;;;;;;;;;;;
learner_socio_educationalBackground;höchster Bildungsabschluss;Höchster bereits erreichter Bildungsabschluss;early childhood, primary, lower secondary, upper secondary, post-secondary non-tertiary, short-cycle tertiary, Bachelor, Master, Doctorate;;notAvailable;nein;;;;;;;;;;;;;;;;;;;;;;;;;;;;;;;;;;;;;;;;;;;;;;;;;;;;;;;;;;;;;;;
learner_socio_gender;Geschlecht;Geschlecht;female, male, non-binary;;notAvailable;nein;;;;;;;;;;;;;;;;;;;;;;;;;;;;;;;;;;;;;;;;;;;;;;;;;;;;;;;;;;;;;;;
learner_socio_majorSubject;Studienfach;(Haupt-)Fach im Studium;string;;"notAvailable; if productionSetting_educationalStage=[early childhood, primary, lower secondary, upper secondary, post-secondary non-tertiary, short-cycle tertiary] -> notApplicable";ja;;;;;;;;;;;;;;;;;;;;;;;;;;;;;;;;;;;;;;;;;;;;;;;;;;;;;;;;;;;;;;;
learner_socio_profession;Beruf;Beruf;string;;"notAvailable; if productionSetting_educationalStage=[early childhood, primary, lower secondary, upper secondary, post-secondary non-tertiary, short-cycle tertiary] -> notApplicable";ja;;;;;;;;;;;;;;;;;;;;;;;;;;;;;;;;;;;;;;;;;;;;;;;;;;;;;;;;;;;;;;;
learner_socio_schoolGrade;Schuljahr;Schuljahr, in dem der Text erhoben wurde;number;;"IF productionSetting_educationalStage=[early childhood, primary, lower secondary, upper secondary, post-secondary non-tertiary, short-cycle tertiary] -> notAvailable; IF ELSE -> notApplicable";nein;;;;;;;;;;;;;;;;;;;;;;;;;;;;;;;;;;;;;;;;;;;;;;;;;;;;;;;;;;;;;;;
learner_textCount;Textanzahl;Anzahl der vorhandenen Texte;number;;notAvailable;nein;;;;;;;;;;;;;;;;;;;;;;;;;;;;;;;;;;;;;;;;;;;;;;;;;;;;;;;;;;;;;;;
productionSetting_collectedInResearchProject;Wurden die Daten für ein Forschungsvorhaben erhoben?;Wurden die Daten für ein Forschungsvorhaben erhoben?;yes, no;;notAvailable;nein;;;;;;;;;;;;;;;;;;;;;;;;;;;;;;;;;;;;;;;;;;;;;;;;;;;;;;;;;;;;;;;
productionSetting_educationalStage;Ausbildungsniveau ;Ausbildungsniveau, in dem sich die Sprecher:innen gerade befinden und dessen Abschluss sie noch nicht erhalten haben;early childhood, primary, lower secondary, upper secondary, post-secondary non-tertiary, short-cycle tertiary, Bachelor, Master, Doctorate;early childhood education, primary education, lower secondary education, upper secondary education, post-secondary non-tertiary education, short-cycle tertiary education, Bachelor's or equivalent level, Master's or equivalent level, Doctorate or equivalent level, notAvailable: mostly elicitation without binding to educational institution;notAvailable;ja;;;;;;;;;;;;;;;;;;;;;;;;;;;;;;;;;;;;;;;;;;;;;;;;;;;;;;;;;;;;;;;
productionSetting_languageCourseLevel;Sprachkursniveau ;Niveaustufe des gerade besuchten Sprachkurses;string;;notAvailable;nein;;;;;;;;;;;;;;;;;;;;;;;;;;;;;;;;;;;;;;;;;;;;;;;;;;;;;;;;;;;;;;;
productionSetting_languageTest;Sprachtestkontext;Name des Sprachtests, wenn die Texte im Rahmen eines offiziellen Sprachtests erhoben wurden;string;;notAvailable;nein;;;;;;;;;;;;;;;;;;;;;;;;;;;;;;;;;;;;;;;;;;;;;;;;;;;;;;;;;;;;;;;
productionSetting_naturalistic;nicht-institutioneller Erhebungskontext;Spezifizierung des Erhebungskontextes, wenn außerhalb von institutionellen Kontexten;string;z.B. work, family, friends, leisure;notAvailable;ja;;;;;;;;;;;;;;;;;;;;;;;;;;;;;;;;;;;;;;;;;;;;;;;;;;;;;;;;;;;;;;;
productionSetting_schoolGrade;Schuljahr ;Schuljahr, in dem die Produktionen erhoben wurden;\d{1,2} ODER \d{1,2}-\d{1,2};;notAvailable;ja;;;;;;;;;;;;;;;;;;;;;;;;;;;;;;;;;;;;;;;;;;;;;;;;;;;;;;;;;;;;;;;
productionSetting_setting;Kontext der Datenerhebung;Kontext der Datenerhebung;language instruction, educational setting, official language testing, naturalistic setting;"language instruction: language course; educational setting: in school or university; official language testing refers to a situation where language testing is performed with an approved language assessment body; naturalistic setting: outside institutional contexts";notAvailable;ja;;;;;;;;;;;;;;;;;;;;;;;;;;;;;;;;;;;;;;;;;;;;;;;;;;;;;;;;;;;;;;;
targetHypotheses_automatic;Wurden Zielhypothesen automatisch generiert?;Wurden Zielhypothesen automatisch generiert?;yes, no;;notAvailable;ja;;;;;;;;;;;;;;;;;;;;;;;;;;;;;;;;;;;;;;;;;;;;;;;;;;;;;;;;;;;;;;;
targetHypotheses_corrected;Wurde die automatische Generierung der Zielhypothesen einer manuellen Korrektur unterzogen?;Wurde die automatische Generierung der Zielhypothesen einer manuellen Korrektur unterzogen?;yes, no;;notAvailable;ja;;;;;;;;;;;;;;;;;;;;;;;;;;;;;;;;;;;;;;;;;;;;;;;;;;;;;;;;;;;;;;;
targetHypotheses_documentation;Dokumentation der Zielhypothesen;Klartextbeschreibung zu den Zielhypothesen oder Link zur Dokumentation;string;;notAvailable;ja;;;;;;;;;;;;;;;;;;;;;;;;;;;;;;;;;;;;;;;;;;;;;;;;;;;;;;;;;;;;;;;
targetHypotheses_evaluation;Wurden die Zielhypothesen evaluiert?;Wurden die Zielhypothesen evaluiert?;yes, no;;notAvailable;ja;;;;;;;;;;;;;;;;;;;;;;;;;;;;;;;;;;;;;;;;;;;;;;;;;;;;;;;;;;;;;;;
targetHypotheses_name;Eindeutige Kennung für die Zielhypothesen;Eindeutige Kennung für die Zielhypothesen;string;;notAvailable;ja;;;;;;;;;;;;;;;;;;;;;;;;;;;;;;;;;;;;;;;;;;;;;;;;;;;;;;;;;;;;;;;
targetHypotheses_tool ;Name des verwendeten Tools;Name des verwendeten Tools;string;;notAvailable;ja;;;;;;;;;;;;;;;;;;;;;;;;;;;;;;;;;;;;;;;;;;;;;;;;;;;;;;;;;;;;;;;
targetHypotheses_toolVersion;Version des verwendeten Tools;Version des verwendeten Tools;string;;notAvailable;ja;;;;;;;;;;;;;;;;;;;;;;;;;;;;;;;;;;;;;;;;;;;;;;;;;;;;;;;;;;;;;;;
task_assessed;Ist die Aufgabe Teil eines Sprachtests ?;Ist die Aufgabe Teil irgendeiner Art von Sprachtest (informell oder zum Zertifikatserwerb);yes, no;;notAvailable;nein;;;;;;;;;;;;;;;;;;;;;;;;;;;;;;;;;;;;;;;;;;;;;;;;;;;;;;;;;;;;;;;
task_comparison;Design;Vergleichsmöglichkeiten der Aufgaben und der Zeitpunkte;one task one-time, one task repeated,  several tasks repeated, several tasks each one-time; Lernerin schreibt 1 Aufgabe einmal, Lernerin schreibt dieselbe Aufgabe mehrmals, Lernerin schreibt mehrere Aufgaben jeweils einmal, Lernerin schreibt mehrere Aufgaben mehrmals;notAvailable;ja;;;;;;;;;;;;;;;;;;;;;;;;;;;;;;;;;;;;;;;;;;;;;;;;;;;;;;;;;;;;;;;
task_comparison_otherCorpora;wiederverwendet aus;DAKODA-Task-ID derjenigen Aufgabe, die als Vorlage dieser Aufgabe genutzt wurde;string;;notAvailable;ja;;;;;;;;;;;;;;;;;;;;;;;;;;;;;;;;;;;;;;;;;;;;;;;;;;;;;;;;;;;;;;;
task_description;Beschreibung;kurzer Beschreibungstext zur Aufgabe;string;;notAvailable;nein;;;;;;;;;;;;;;;;;;;;;;;;;;;;;;;;;;;;;;;;;;;;;;;;;;;;;;;;;;;;;;;
task_descriptionDetailed;Beschreibung (detailliert);weitere Beschreibungen mit Quellenverweis;string;;notAvailable;nein;;;;;;;;;;;;;;;;;;;;;;;;;;;;;;;;;;;;;;;;;;;;;;;;;;;;;;;;;;;;;;;
task_durationMinutes;Zeitlimit;Bearbeitungszeit in Minuten;\d{1,3} ODER \d{1,3}-\d{1,3} (höchstens dreistellige Zahl oder von-bis-Angabe);;notAvailable;nein;;;;;;;;;;;;;;;;;;;;;;;;;;;;;;;;;;;;;;;;;;;;;;;;;;;;;;;;;;;;;;;
task_id;Task-ID (DAKODA);Task-ID (DAKODA-Version);"corpus signet + ""task"" + Nummer";;notAvailable;nein;;;;;;;;;;;;;;;;;;;;;;;;;;;;;;;;;;;;;;;;;;;;;;;;;;;;;;;;;;;;;;;
task_id_orig;Task-ID (Original-Version);Task-ID(s) (Original-Version);string;;notAvailable;nein;;;;;;;;;;;;;;;;;;;;;;;;;;;;;;;;;;;;;;;;;;;;;;;;;;;;;;;;;;;;;;;
task_instructions;Aufgabenstellung;Wortlaut der Aufgabenstellung;string;;notAvailable;nein;;;;;;;;;;;;;;;;;;;;;;;;;;;;;;;;;;;;;;;;;;;;;;;;;;;;;;;;;;;;;;;
task_interaction_conceptualMode;Konzeptuelle Mündlichkeit oder Schriftlichkeit?;konzeptionelle Mündlichkeit oder Schriftlichkeit nach Koch und Österreichers Modell von Nähe und Distanz;spoken, written;;notAvailable;ja;;;;;;;;;;;;;;;;;;;;;;;;;;;;;;;;;;;;;;;;;;;;;;;;;;;;;;;;;;;;;;;
task_interaction_ExpectedRhetoricalFunctions;rhetorische Funktionen;die von der Aufgabe geforderte sprachliche Handlung(en);applying, arguing, asking for help, asking for information, build a sentence, comparing, complaining , describing, express congratulations, giving advice, informing, instructing, narrating, offering something, organise meeting, question and answer, reading aloud, reporting, summarising, translating;;notAvailable;ja;;;;;;;;;;;;;;;;;;;;;;;;;;;;;;;;;;;;;;;;;;;;;;;;;;;;;;;;;;;;;;;
task_interaction_formality;Formalität;Formalitätsgrad der Aufgabe;informal, unmarked to informal, unmarked, unmarked to formal, formal;;notAvailable;nein;;;;;;;;;;;;;;;;;;;;;;;;;;;;;;;;;;;;;;;;;;;;;;;;;;;;;;;;;;;;;;;
task_interaction_mode;Modalität;Modalität;spoken, written;;notAvailable;ja;;;;;;;;;;;;;;;;;;;;;;;;;;;;;;;;;;;;;;;;;;;;;;;;;;;;;;;;;;;;;;;
task_interaction_participants;Anzahl der Sprecher:innen;Anzahl der Sprecher:innen;"number, 1, 2, n, ""1,2"", ""1-n"", ""2-n"", ""n""";"Wenn eine Person einen Text schreibt oder einen Vortrag hält, steht hier ""1""";notAvailable;nein;;;;;;;;;;;;;;;;;;;;;;;;;;;;;;;;;;;;;;;;;;;;;;;;;;;;;;;;;;;;;;;
task_interaction_participantsL1L2interaction;Interaktionytyp;Art der Interaktion;"only L1 speakers; only L2 speakers; L1 and L2 speakers mixed";;notAvailable;ja;;;;;;;;;;;;;;;;;;;;;;;;;;;;;;;;;;;;;;;;;;;;;;;;;;;;;;;;;;;;;;;
task_interaction_type;Aufgabenart;Aufgabenart;book review, consultation, conversation, description, essay, instruction, interview, letter, map task, narrow elicitation task, post in a forum, problem solving, report, story, summary, translation;;notAvailable;ja;;;;;;;;;;;;;;;;;;;;;;;;;;;;;;;;;;;;;;;;;;;;;;;;;;;;;;;;;;;;;;;
task_isDurationLimited;Ist die Bearbeitungszeit limitiert?;Ist die Bearbeitungszeit limitiert?;yes, no;;notAvailable;nein;;;;;;;;;;;;;;;;;;;;;;;;;;;;;;;;;;;;;;;;;;;;;;;;;;;;;;;;;;;;;;;
task_isStimulusOffered;Stimulus vorhanden?;Gehört zur Ausgabenstellung ein Material als Stimulus für das Lösen der Aufgabe (z. B. Diagramm, Artikel, etc.)?;yes, no;;notAvailable;nein;;;;;;;;;;;;;;;;;;;;;;;;;;;;;;;;;;;;;;;;;;;;;;;;;;;;;;;;;;;;;;;
task_levelMax;Maximalniveau;"GER-Niveaustufe der Aufgabe;  wenn nur näherungsweise bekannt, hier den Maximum-Wert eintragen";A1, A2, B1, B2, C1, C2;;notAvailable;ja;;;;;;;;;;;;;;;;;;;;;;;;;;;;;;;;;;;;;;;;;;;;;;;;;;;;;;;;;;;;;;;
task_levelMin;Minimalniveau;"GER-Niveaustufe der Aufgabe; wenn nur näherungsweise bekannt, hier den Minimum-Wert eintragen";A1, A2, B1, B2, C1, C2;;notAvailable;ja;;;;;;;;;;;;;;;;;;;;;;;;;;;;;;;;;;;;;;;;;;;;;;;;;;;;;;;;;;;;;;;
task_officialLanguageTest;Ist die Aufgabe Teil eines offiziellen Sprachtests?;Stammt die Aufgabe aus einer offiziellen Sprachprüfung?;yes, no;;notAvailable;nein;;;;;;;;;;;;;;;;;;;;;;;;;;;;;;;;;;;;;;;;;;;;;;;;;;;;;;;;;;;;;;;
task_officialLanguageTestSpecific;Sprachtest;Offizielle Sprachprüfung, aus der die Aufgabenstellung stammt;string;;notAvailable;nein;;;;;;;;;;;;;;;;;;;;;;;;;;;;;;;;;;;;;;;;;;;;;;;;;;;;;;;;;;;;;;;
task_options;Auswahlmöglichkeit;Konnten die Lernenden zwischen verschiedenen Aufgabenstellungen auswählen?;yes, no;;notAvailable;nein;;;;;;;;;;;;;;;;;;;;;;;;;;;;;;;;;;;;;;;;;;;;;;;;;;;;;;;;;;;;;;;
task_stimulusType;Stimulustyp;Kategorisierung des Stimulus-Materials;advertisement, article, articles, book, comic, description of a situation, diagram, essay, extract from a doctoral dissertation, extracts from articles, figure, for teaching edited text, form, interview, job advertisement, letter, list of words or expressions, map, oral instruction, picture(s) , questionnaire, quote, scene acted out, specialised text, talks, video, written instruction;;notAvailable;ja;;;;;;;;;;;;;;;;;;;;;;;;;;;;;;;;;;;;;;;;;;;;;;;;;;;;;;;;;;;;;;;
task_title;Titel;Titel der Aufgabe;string;;notAvailable;nein;;;;;;;;;;;;;;;;;;;;;;;;;;;;;;;;;;;;;;;;;;;;;;;;;;;;;;;;;;;;;;;
text_annotation_hasBorrowedAnnotation_orig;Enthält der Text Annotationen zu aus der Aufgabenstellung übernommenen Strukturen?;Enthält das Korpus in der Originalversion Annotationen zu den aus der Aufgabenstellung übernommenen Strukturen?;yes, no;;notAvailable;nein;;;;;;;;;;;;;;;;;;;;;;;;;;;;;;;;;;;;;;;;;;;;;;;;;;;;;;;;;;;;;;;
text_annotation_hasErrorAnnotation_orig;Enthält der Text Fehlerannotationen?;Enthält das Korpus in der Originalversion Fehlerannotationen?;yes, no;;notAvailable;nein;;;;;;;;;;;;;;;;;;;;;;;;;;;;;;;;;;;;;;;;;;;;;;;;;;;;;;;;;;;;;;;
text_annotation_hasTargetHypotheses_orig;Enthält der Text Zielhypothesen?;Enthält das Korpus in der Originalversion Zielhypothesen oder eine andere Art von Normierung?;yes, no;;notAvailable;nein;;;;;;;;;;;;;;;;;;;;;;;;;;;;;;;;;;;;;;;;;;;;;;;;;;;;;;;;;;;;;;;
text_clauseCount;Textlänge in Sätzen;Anzahl der Sätze;number;;notAvailable;nein;;;;;;;;;;;;;;;;;;;;;;;;;;;;;;;;;;;;;;;;;;;;;;;;;;;;;;;;;;;;;;;
text_file;Dokumenten-ID;Dokumenten-ID, falls mehrere Dateien einer Sprachproduktion zugeordnet sind;string;;notAvailable;nein;;;;;;;;;;;;;;;;;;;;;;;;;;;;;;;;;;;;;;;;;;;;;;;;;;;;;;;;;;;;;;;
text_id;Text-ID;Text-ID (DAKODA-Version);string;;keine Fehlwerte erlaubt;nein;;;;;;;;;;;;;;;;;;;;;;;;;;;;;;;;;;;;;;;;;;;;;;;;;;;;;;;;;;;;;;;
text_id_orig;Text-ID(s) (Original-Version);Text-ID(s) (Original-Version);string;;notAvailable;ja;;;;;;;;;;;;;;;;;;;;;;;;;;;;;;;;;;;;;;;;;;;;;;;;;;;;;;;;;;;;;;;
text_language;Sprache des Textes;Zielsprache des zu verfassenden Textes/Textsprache ;deu;;notAvailable;nein;;;;;;;;;;;;;;;;;;;;;;;;;;;;;;;;;;;;;;;;;;;;;;;;;;;;;;;;;;;;;;;
text_learner_role;Rolle (Sprecher:in) [Text];Rolle der Person in diesem Ereignis, z.B. participant/collector/ instructor etc. ;string;e.g. participant/collector/instructor etc. ;"IF task_interaction_participants=1 -> notApplicable; IF ELSE notAvailable";ja;;;;;;;;;;;;;;;;;;;;;;;;;;;;;;;;;;;;;;;;;;;;;;;;;;;;;;;;;;;;;;;
text_longitudinalOrder;Reihenfolge in der Erhebung;"Nummer, die Reihenfolge von longitudinal erhobenen Daten widerspiegelt; In einem Kohortendesign bezieht sich die Zahl auf den Erhebungszeitpunkt und nicht auf die von einer spezifischen Person bereits geschriebenen Texte, bei Fehlen von Daten kann die Zahlenfolge unvollständig sein";number;;"IF corpus_design_designType!=(longitudinal|pseudo-longitudinal)-> notApplicable; IF ELSE notAvailable";nein;;;;;;;;;;;;;;;;;;;;;;;;;;;;;;;;;;;;;;;;;;;;;;;;;;;;;;;;;;;;;;;
text_note;Kommentar (Text);Kommentar zum Text;string;;notAvailable;nein;;;;;;;;;;;;;;;;;;;;;;;;;;;;;;;;;;;;;;;;;;;;;;;;;;;;;;;;;;;;;;;
text_proficiency_assignmentInstrument;Instrument zur Textbewertung;Instrument zur Textbewertung;string;;notAvailable;nein;;;;;;;;;;;;;;;;;;;;;;;;;;;;;;;;;;;;;;;;;;;;;;;;;;;;;;;;;;;;;;;
text_proficiency_assignmentMethod;Rahmen der textbezogen Bewertung;Rahmen der textbezogen Bewertung;score on text, teacher's evaluation, post-hoc assignment;;notAvailable;nein;;;;;;;;;;;;;;;;;;;;;;;;;;;;;;;;;;;;;;;;;;;;;;;;;;;;;;;;;;;;;;;
text_proficiency_cefrAutomMax;automatische Textbewertung;automatisch generierte Niveaustufe, maximaler Grenzwert des Ergebnisses;A1, A2, B1, B2, C1, C2;;notAvailable;nein;;;;;;;;;;;;;;;;;;;;;;;;;;;;;;;;;;;;;;;;;;;;;;;;;;;;;;;;;;;;;;;
text_proficiency_cefrAutomMin;automatische Textbewertung;automatisch generierte Niveaustufe, minimaler Grenzwert des Ergebnisses;A1, A2, B1, B2, C1, C2;;notAvailable;nein;;;;;;;;;;;;;;;;;;;;;;;;;;;;;;;;;;;;;;;;;;;;;;;;;;;;;;;;;;;;;;;
text_proficiency_cefrMax;GER-bezogene Textbewertung;"holistische GER-Bewertung des Textes, ggf. Konvertierung aus anderen Testergebnissen wie TestDaF-Niveaustufen. Wenn das Niveau nicht genau angegeben werden kann, wird hier die obere Grenze der Kompetenz angegeben, bei ""B2-C1"" also C1.";A1, A2, B1, B2, C1, C2;;notAvailable;nein;;;;;;;;;;;;;;;;;;;;;;;;;;;;;;;;;;;;;;;;;;;;;;;;;;;;;;;;;;;;;;;
text_proficiency_cefrMin;GER-bezogene Textbewertung;"holistische GER-Bewertung des Textes, ggf. Konvertierung aus anderen Testergebnissen wie TestDaF-Niveaustufen. Wenn das Niveau nicht genau angegeben werden kann, wird hier die untere Grenze der Kompetenz angegeben, bei ""B2-C1"" also B2.";A1, A2, B1, B2, C1, C2;;notAvailable;nein;;;;;;;;;;;;;;;;;;;;;;;;;;;;;;;;;;;;;;;;;;;;;;;;;;;;;;;;;;;;;;;
text_proficiency_documentation;Dokumentation zu textbezogener Kompetenzangabe;Verweis auf Dokumentation, wie textbezogene Proficiency-Bewertung stattgefunden hat;string;;notAvailable;ja;;;;;;;;;;;;;;;;;;;;;;;;;;;;;;;;;;;;;;;;;;;;;;;;;;;;;;;;;;;;;;;
text_proficiency_officialLanguageTestingScore;Bewertung im Rahmen eines offiziellen Sprachtests;"Bewertung im Rahmen eines offiziellen Sprachtests (Bewertung des Texts; globale Bewertung wird in ""learner_proficiency"" eingetragen)";string;;notAvailable;nein;;;;;;;;;;;;;;;;;;;;;;;;;;;;;;;;;;;;;;;;;;;;;;;;;;;;;;;;;;;;;;;
text_proficiency_score;Note, Punktanzahl oder schriftliches Urteil;Note, Punktanzahl oder schriftliches Urteil zum Text (nicht harmonisierte Werte);string;;notAvailable;nein;;;;;;;;;;;;;;;;;;;;;;;;;;;;;;;;;;;;;;;;;;;;;;;;;;;;;;;;;;;;;;;
text_timeOfCreation;Produktionsdatum;Datum, an dem Sprecher/-in den Text produziert hat;date;;notAvailable;nein;;;;;;;;;;;;;;;;;;;;;;;;;;;;;;;;;;;;;;;;;;;;;;;;;;;;;;;;;;;;;;;
text_tokenCount;Textlänge in Token;Anzahl der Token des Textes;number;;notAvailable;ja;;;;;;;;;;;;;;;;;;;;;;;;;;;;;;;;;;;;;;;;;;;;;;;;;;;;;;;;;;;;;;;
text_topicAutom;Textthema (automatisch);automatisch ausgebebenes Thema des Textes ;string;;notAvailable;ja;;;;;;;;;;;;;;;;;;;;;;;;;;;;;;;;;;;;;;;;;;;;;;;;;;;;;;;;;;;;;;;
