DAKODA variable;description;value definition;details about the values;default if missing information;repeatable;corresponding LC-meta variable;Description ;Condition;Fixed attributes;Further details and examples;Obligatory or not;Repeatable;version of LC-meta;DAKODA different to LC-meta?;why?;note;DAKODA value -> LC-meta  value;;;;;;;;;;;;;;;;;;;;;;;;;;;;;;;;;;;;;;;;;;;;;;;;;;;;;;;;;;;;;;;
annotation_automatic;Was the annotation process fully automatic?;yes, no;;notAvailable;yes;annotation_automatic;Was the annotation process fully automatic?;;yes, no;;obligatory;no;2, 2024-05-31;same;resources;only for DAKODA annotations;;;;;;;;;;;;;;;;;;;;;;;;;;;;;;;;;;;;;;;;;;;;;;;;;;;;;;;;;;;;;;;;
annotation_corrected;Was the automatic annotation subject to further correction?;yes, no;;notAvailable;yes;annotation_corrected;Was the automatic annotation subject to further correction?;;yes, no;;obligatory;no;2, 2024-05-31;same;resources;only for DAKODA annotations;;;;;;;;;;;;;;;;;;;;;;;;;;;;;;;;;;;;;;;;;;;;;;;;;;;;;;;;;;;;;;;;
annotation_documentation;Plain text description of annotation or link to documentation;string;;notAvailable;yes;annotation_documentation;Plain text description of annotation or link to documentation;;;In case you answer “yes” to the previous questions, it is particularly important that you document the evaluation of the annotation as well as its correction.;obligatory;no;2, 2024-05-31;same;resources;only for DAKODA annotations;;;;;;;;;;;;;;;;;;;;;;;;;;;;;;;;;;;;;;;;;;;;;;;;;;;;;;;;;;;;;;;;
annotation_evaluation;Was the annotation evaluated?;yes, no;;notAvailable;yes;annotation_evaluation;Was the annotation evaluated?;;yes, no;;obligatory;no;2, 2024-05-31;same;resources;only for DAKODA annotations;;;;;;;;;;;;;;;;;;;;;;;;;;;;;;;;;;;;;;;;;;;;;;;;;;;;;;;;;;;;;;;;
annotation_modelVersion;Version of a trained statistical model or parameter set for use with the annotation tool.;string;;notAvailable;yes;;;;;;;;;added;DAKODA research;;;;;;;;;;;;;;;;;;;;;;;;;;;;;;;;;;;;;;;;;;;;;;;;;;;;;;;;;;;;;;;;;
annotation_tool ;Name of tool used for annotation;string;;notAvailable;yes;annotation_tool ;Name of tool used for annotation;;;TreeTagger, WordSmith Tools, Spacy;obligatory;no;2, 2024-05-31;same;resources;only for DAKODA annotations;;;;;;;;;;;;;;;;;;;;;;;;;;;;;;;;;;;;;;;;;;;;;;;;;;;;;;;;;;;;;;;;
annotation_toolVersion;Version of tool used for annotation;string;;notAvailable;yes;annotation_tool_version;Version of tool used for annotation;;;tree-tagger-MacOSX-Intel-3.2.3;optional;no;2, 2024-05-31;same;resources;only for DAKODA annotations;;;;;;;;;;;;;;;;;;;;;;;;;;;;;;;;;;;;;;;;;;;;;;;;;;;;;;;;;;;;;;;;
annotation_type;Unique identifier for annotation;string;;notAvailable;yes;annotation_type;Unique identifier for annotation;;Lemma, POS, UPOS, Parsing, Error, TH, other;;obligatory;yes;2, 2024-05-31;same;resources;only for DAKODA annotations;;;;;;;;;;;;;;;;;;;;;;;;;;;;;;;;;;;;;;;;;;;;;;;;;;;;;;;;;;;;;;;;
annotator_id;Unique identifier for manual annotator;string;;notAvailable;yes;annotator_id;Unique identifier for manual annotator;;;;optional;yes;2, 2024-05-31;same;resources;only for DAKODA annotations;;;;;;;;;;;;;;;;;;;;;;;;;;;;;;;;;;;;;;;;;;;;;;;;;;;;;;;;;;;;;;;;
annotator_L1;"Annotator L1
";ISO 639-3;;notAvailable;yes;annotator_L1;"Annotator L1
";;[ISO language code 639-3];;obligatory;yes;2, 2024-05-31;same;resources;only for DAKODA annotations;;;;;;;;;;;;;;;;;;;;;;;;;;;;;;;;;;;;;;;;;;;;;;;;;;;;;;;;;;;;;;;;
annotator_L2;"Annotator L2
";ISO 639-3;;notAvailable;yes;annotator_L2;"Annotator L2
";;[ISO language code 639-3];;optional;yes;2, 2024-05-31;same;resources;only for DAKODA annotations;;;;;;;;;;;;;;;;;;;;;;;;;;;;;;;;;;;;;;;;;;;;;;;;;;;;;;;;;;;;;;;;
annotator_note;Any comments regarding the annotator;string;;notAvailable;yes;annotator_note;Any comments regarding the annotator;;;This could include more details about their mutlingual profile;optional;no;2, 2024-05-31;same;resources;only for DAKODA annotations;;;;;;;;;;;;;;;;;;;;;;;;;;;;;;;;;;;;;;;;;;;;;;;;;;;;;;;;;;;;;;;;
annotator_targetLanguageCompetence;"Annotator target language competence
";string;;notAvailable;yes;annotator_target_language_competence;"Annotator target language competence
";;A1, A2, B1, B2, C1, C2;;optional;no;2, 2024-05-31;same;resources;only for DAKODA annotations;;;;;;;;;;;;;;;;;;;;;;;;;;;;;;;;;;;;;;;;;;;;;;;;;;;;;;;;;;;;;;;;
annotator_type;"Annotator experience
";string;;notAvailable;yes;annotator_type;"Annotator experience
";;;e.g. expert, trained, student, teacher, crowdsourcing…;obligatory;no;2, 2024-05-31;same;resources;only for DAKODA annotations;;;;;;;;;;;;;;;;;;;;;;;;;;;;;;;;;;;;;;;;;;;;;;;;;;;;;;;;;;;;;;;;
corpus_admin_acronym;Corpus acronym;string;;notAvailable;no;corpus_acronym;Corpus acronym;;;ICLE;optional;no;2, 2024-05-31;same;;relates to original version (not explicit);;;;;;;;;;;;;;;;;;;;;;;;;;;;;;;;;;;;;;;;;;;;;;;;;;;;;;;;;;;;;;;;
corpus_admin_author;Corpus creator;"string (Nachname, Vorname; Nachname, Vorname)";;notAvailable;yes;corpus_author;Corpus creator;;;Max Musterman;obligatory;yes;2, 2024-05-31;same;;relates to original version (not explicit);;;;;;;;;;;;;;;;;;;;;;;;;;;;;;;;;;;;;;;;;;;;;;;;;;;;;;;;;;;;;;;;
corpus_admin_availability;Licensing terms and conditions;open, restricted, special restrictions, closed;;No missing values permitted.;no;corpus_availability;Licensing terms and conditions;;open, restricted, closed;;obligatory;no;2, 2024-05-31;values added;;"restricted' normally means that only associates to universities have access to the data, besides we have some special cases; relates to DAKODA version (not explicit)";"""special restrictions"" -> restricted";;;;;;;;;;;;;;;;;;;;;;;;;;;;;;;;;;;;;;;;;;;;;;;;;;;;;;;;;;;;;;;
corpus_admin_citationDocument;Note on how excerpts of the corpus should be referenced;string;;notAvailable;no;;;;;;;;;added;more precise;;;;;;;;;;;;;;;;;;;;;;;;;;;;;;;;;;;;;;;;;;;;;;;;;;;;;;;;;;;;;;;;;
corpus_admin_citeAs;Corpus citation;string;;notAvailable;no;corpus_cite_as;Corpus citation;;;How to cite this corpus: Author(s) or Responsible(s) (Year). Title of the data set (Version number): Distributor, Identifier or Location. This is typically generated by the data repository.;obligatory;no;2, 2024-05-31;same;;relates to original version (not explicit);;;;;;;;;;;;;;;;;;;;;;;;;;;;;;;;;;;;;;;;;;;;;;;;;;;;;;;;;;;;;;;;
corpus_admin_contactMail;Contact e-mail address;string (mit @);;notAvailable;yes;corpus_contact_mail;Contact e-mail address;;;porta@eurac.edu;obligatory;yes;2, 2024-05-31;same;;relates to original version (not explicit);;;;;;;;;;;;;;;;;;;;;;;;;;;;;;;;;;;;;;;;;;;;;;;;;;;;;;;;;;;;;;;;
corpus_admin_contributor_dkd;Contributor (DAKODA version);Jamila Bläsing, Luise Böttcher, Shanny Druker, Lisa Lenort, Annette Portmann, Christine Renker, Josef Ruppenhofer, Matthias Schwendemann, Iulia Sucutardean, Katrin Wisniewski, Torsten Zesch;;notAvailable;always the same value;corpus_contributor;Corpus contributor;;;(Jane Doe, transcription of english texts);optional;yes;2, 2024-05-31;dkd;DAKODA / original version;;;;;;;;;;;;;;;;;;;;;;;;;;;;;;;;;;;;;;;;;;;;;;;;;;;;;;;;;;;;;;;;;
corpus_admin_contributor_orig;Contributor (original version);string;;notAvailable;yes;corpus_contributor;Corpus contributor;;;(Jane Doe, transcription of english texts);optional;yes;2, 2024-05-31;orig;original version;;;;;;;;;;;;;;;;;;;;;;;;;;;;;;;;;;;;;;;;;;;;;;;;;;;;;;;;;;;;;;;;;
corpus_admin_dateOfPublication_orig;Publication date of the corpus version used;date;;notAvailable;no;corpus_date_of_publication;Date of publication;;;e.g. YYYY, YYYY-MM or YYYY-MM-DD;obligatory;no;2, 2024-05-31;orig;DAKODA / original version;;;;;;;;;;;;;;;;;;;;;;;;;;;;;;;;;;;;;;;;;;;;;;;;;;;;;;;;;;;;;;;;;
corpus_admin_documentation;Link to more extensive corpus documentation;string;;notAvailable;yes;corpus_documentation;Link to more extensive corpus documentation;;;https://www.porta.eurac.edu/lci/leonide/;optional;yes;2, 2024-05-31;same;DAKODA / original version;;;;;;;;;;;;;;;;;;;;;;;;;;;;;;;;;;;;;;;;;;;;;;;;;;;;;;;;;;;;;;;;;
corpus_admin_fileFormat;File format (DAKODA-Version);string;;notAvailable;yes;corpus_file_format;File format;;;txt, csv, tiff, xml, JSON...;obligatory;yes;2, 2024-05-31;same;;relates to DAKODA version (not explicit);;;;;;;;;;;;;;;;;;;;;;;;;;;;;;;;;;;;;;;;;;;;;;;;;;;;;;;;;;;;;;;;
corpus_admin_licence;Licence name (DAKODA version);string;;notAvailable;no;corpus_licence;Licence name;;;ACA-BY-NC-NORED;obligatory;no;2, 2024-05-31;same;;relates to DAKODA version (not explicit);;;;;;;;;;;;;;;;;;;;;;;;;;;;;;;;;;;;;;;;;;;;;;;;;;;;;;;;;;;;;;;;
corpus_admin_licenceFulltext;Licence text (DAKODA version);string;;notAvailable;no;;;;;;;;;added;more precise;;;;;;;;;;;;;;;;;;;;;;;;;;;;;;;;;;;;;;;;;;;;;;;;;;;;;;;;;;;;;;;;;
corpus_admin_licenceUrl;Link to licence text;string;;notAvailable;no;corpus_licence_url;Link to licence text;;;http://creativecommons.org/licenses/by-sa/4.0/;obligatory;no;2, 2024-05-31;same;;;;;;;;;;;;;;;;;;;;;;;;;;;;;;;;;;;;;;;;;;;;;;;;;;;;;;;;;;;;;;;;;;
corpus_admin_name;Full name of the corpus;string;;No missing values permitted.;no;corpus_name;Full name of the corpus;;;International Corpus of Learner English, with multiple entries for different names in different languages;obligatory;yes;2, 2024-05-31;same;;relates to original version (not explicit);;;;;;;;;;;;;;;;;;;;;;;;;;;;;;;;;;;;;;;;;;;;;;;;;;;;;;;;;;;;;;;;
corpus_admin_otherVersions;Associated version;string;;notAvailable;yes;corpus_other_versions;Associated version;;;(1.0, link to version);optional;yes;2, 2024-05-31;same;;relates to original version (not explicit);;;;;;;;;;;;;;;;;;;;;;;;;;;;;;;;;;;;;;;;;;;;;;;;;;;;;;;;;;;;;;;;
corpus_admin_pid_dkd;Persistent identifier (DAKODA version);string;;notAvailable;no;corpus_pid;Persistent identifier;;;A persistent identifier is typically a DOI or a handle, e.g. http://hdl.handle.net/20.500.12124/25;obligatory;no;2, 2024-05-31;dkd;DAKODA / original version;;;;;;;;;;;;;;;;;;;;;;;;;;;;;;;;;;;;;;;;;;;;;;;;;;;;;;;;;;;;;;;;;
corpus_admin_pid_orig;Persistent Identifier (original version);string;;notAvailable;no;corpus_pid;Persistent identifier;;;A persistent identifier is typically a DOI or a handle, e.g. http://hdl.handle.net/20.500.12124/25;obligatory;no;2, 2024-05-31;orig;DAKODA / original version;;;;;;;;;;;;;;;;;;;;;;;;;;;;;;;;;;;;;;;;;;;;;;;;;;;;;;;;;;;;;;;;;
corpus_admin_refArticle;Reference article;string;;notAvailable;yes;corpus_ref_article;Reference article;;;Reference articles typically contain an extensive verbal description of the corpus and its design.;optional;yes;2, 2024-05-31;same;;;;;;;;;;;;;;;;;;;;;;;;;;;;;;;;;;;;;;;;;;;;;;;;;;;;;;;;;;;;;;;;;;
corpus_admin_referencesOther;Further important publications or links to the corpus;string;;notAvailable;yes;corpus_ref_article;Reference article;;;Reference articles typically contain an extensive verbal description of the corpus and its design.;optional;yes;2, 2024-05-31;differently defined;work on corpus documentation;;;;;;;;;;;;;;;;;;;;;;;;;;;;;;;;;;;;;;;;;;;;;;;;;;;;;;;;;;;;;;;;;
corpus_admin_researchPaper;Further publications (original version);string;;notAvailable;yes;corpus_ref_article;Reference article;;;Reference articles typically contain an extensive verbal description of the corpus and its design.;optional;yes;2, 2024-05-31;differently defined;work on corpus documentation;;;;;;;;;;;;;;;;;;;;;;;;;;;;;;;;;;;;;;;;;;;;;;;;;;;;;;;;;;;;;;;;;
corpus_admin_URLdownload;Link to corpus download (original version);string;;notAvailable;yes;;;;;;;;;added;work on corpus documentation;;;;;;;;;;;;;;;;;;;;;;;;;;;;;;;;;;;;;;;;;;;;;;;;;;;;;;;;;;;;;;;;;
corpus_admin_URLquery;Link to corpus query (original version);string;;notAvailable;yes;;;;;;;;;added;work on corpus documentation;;;;;;;;;;;;;;;;;;;;;;;;;;;;;;;;;;;;;;;;;;;;;;;;;;;;;;;;;;;;;;;;;
corpus_admin_version_orig;Data version on which the DAKODA version is based: Version number, PID or download link with date;string;;notAvailable;no;corpus_version;Corpus version;;;One possible approach to versioning is to use digits such that the first digit (e.g. 1.0) represents a major corpus update (adding new data, new annotations, etc.) and the second digit represents a minor update (corrections of annotations). If relevant, a  third digit can be added for changes in documentation etc. (but only in cases where data has not been changed).;obligatory;no;2, 2024-05-31;orig;DAKODA / original version;;;;;;;;;;;;;;;;;;;;;;;;;;;;;;;;;;;;;;;;;;;;;;;;;;;;;;;;;;;;;;;;;
corpus_annotation_hasBorrowedAnnotation_orig;Does the corpus in its original version contain annotations for structures taken from the task?;yes, no;;notAvailable;no;;;;;;;;;added;more precise;sometimes only for some texts of a corpus;;;;;;;;;;;;;;;;;;;;;;;;;;;;;;;;;;;;;;;;;;;;;;;;;;;;;;;;;;;;;;;;
corpus_annotation_hasErrorAnnotation_orig;Does the corpus in its original version contain error annotations?;yes, no;;notAvailable;no;;;;;;;;;added;more precise;sometimes only for some texts of a corpus;;;;;;;;;;;;;;;;;;;;;;;;;;;;;;;;;;;;;;;;;;;;;;;;;;;;;;;;;;;;;;;;
corpus_annotation_hasTargetHypotheses_orig;Does the corpus in its original version contain target hypotheses or another type of normalisation?;yes, no;;notAvailable;no;;;;;;;;;added;more precise;sometimes only for some texts of a corpus;;;;;;;;;;;;;;;;;;;;;;;;;;;;;;;;;;;;;;;;;;;;;;;;;;;;;;;;;;;;;;;;
corpus_design_description;Short description of the corpus;string;;notAvailable;no;corpus_description;Short description of the corpus;;;;obligatory;no;2, 2024-05-31;same;;;;;;;;;;;;;;;;;;;;;;;;;;;;;;;;;;;;;;;;;;;;;;;;;;;;;;;;;;;;;;;;;;
corpus_design_designType;Design of data collection/study design;longitudinal, pseudo-longitudinal, cross-sectional;;notAvailable;no;corpus_longitudinal;Does the corpus contain longitudinal data?;;yes, no;Longitudinal corpora follow the same learners over time and thus provide more than one text per learner.;obligatory;no;2, 2024-05-31;differently defined;more precise;"not ""yes / no"" but ""longitudinal, pseudo-longitudinal, cross-sectional""";"If corpus_design_designType=""longitudinal"" -> corpus_longitudinal=""yes""; If else -> ""no""";;;;;;;;;;;;;;;;;;;;;;;;;;;;;;;;;;;;;;;;;;;;;;;;;;;;;;;;;;;;;;;
corpus_design_group;Affiliation of the corpus to a corpus group;CDLK, KiezDeutsch-Korpus , DISKO, EURAC-Korpora, Falko, FD-Lex, HaMaTaC/HAMoTiC;;notAvailable;no;;;;;;;;;added;structure;;;;;;;;;;;;;;;;;;;;;;;;;;;;;;;;;;;;;;;;;;;;;;;;;;;;;;;;;;;;;;;;;
corpus_design_IsComparableDataIncluded;Does the corpus include comparison data?;yes, no;;notAvailable;no;corpus_comparable_data_included;Does the corpus include comparison data?;;yes, no;Comparison data typically refers to productions by native speakers or expert writers, etc.;obligatory;no;2, 2024-05-31;same;;;;;;;;;;;;;;;;;;;;;;;;;;;;;;;;;;;;;;;;;;;;;;;;;;;;;;;;;;;;;;;;;;
corpus_design_l1Languages;L1 language(s);ISO 639-3;;notAvailable;yes;corpus_L1_language;L1 language;;[ISO language code 639-3], other;"it; use “other” for under-represented L1s";obligatory;yes;2, 2024-05-31;same;;;;;;;;;;;;;;;;;;;;;;;;;;;;;;;;;;;;;;;;;;;;;;;;;;;;;;;;;;;;;;;;;;
corpus_design_l1Type;L1 constellation;mono, multi;"one L1: mono; multiple L1s: multi";notAvailable;no;;;;;;;;;added;more precise;"similar to ""related corpora"" or ""corpus_comparable_data_included""";;;;;;;;;;;;;;;;;;;;;;;;;;;;;;;;;;;;;;;;;;;;;;;;;;;;;;;;;;;;;;;;
corpus_design_targetLanguages;Target language;ISO 639-3;;notAvailable;yes;corpus_target_language;Target language;;[ISO language code 639-3], other;"en; use “other” for under-represented Ls";obligatory;yes;2, 2024-05-31;same;;;;;;;;;;;;;;;;;;;;;;;;;;;;;;;;;;;;;;;;;;;;;;;;;;;;;;;;;;;;;;;;;;
corpus_design_targetLanguageType;Target languages of the complete corpus;mono, multi;"only German as target language: mono; other target languages in addition to German: multi";notAvailable;no;;;;;;;;;added;more precise;"similar to ""related corpora"" or ""corpus_comparable_data_included""";;;;;;;;;;;;;;;;;;;;;;;;;;;;;;;;;;;;;;;;;;;;;;;;;;;;;;;;;;;;;;;;
corpus_design_timeOfDataCollection;Time period of data collection, if information not available it's the project period;dddd, dddd-dddd;;notAvailable;no;corpus_time_of_data_collection;Time period of data collection;;;2015, 2011-2012, November 2013, 20-10-2020;obligatory;yes;2, 2024-05-31;same;;;;;;;;;;;;;;;;;;;;;;;;;;;;;;;;;;;;;;;;;;;;;;;;;;;;;;;;;;;;;;;;;;
corpus_proficiency_assignmentMethod;Method of proficiency level assignment;"learner-centred, text-centred; text-centred automatic; none";"learner-centred method, text-centred method; text-centred automatic method; none";notAvailable;yes;corpus_proficiency_assignment_method;Method of proficiency level assignment;"if corpus_proficiency_assignment_available =""yes""";learner-centred method, text-centred method;Learner-centred methods relate to methods by which a proficiency level is assigned to each learner independently of the collected text. Text-centred methods refer to methods by which proficiency scores are assigned to individual texts (cf. Carlsen 2012).;obligatory;yes;2, 2024-05-31;values added;more precise;new value text-centred automatic;;;;;;;;;;;;;;;;;;;;;;;;;;;;;;;;;;;;;;;;;;;;;;;;;;;;;;;;;;;;;;;;
corpus_proficiency_IsAssignmentAvailable;Does the corpus contain proficiency scores for individual learner/L1 speakers or texts?;yes, no;;notAvailable;no;corpus_proficiency_assignment_available;Does the corpus contain proficiency scores for individual learners or texts?;;yes, no;;obligatory;no;2, 2024-05-31;same;;;;;;;;;;;;;;;;;;;;;;;;;;;;;;;;;;;;;;;;;;;;;;;;;;;;;;;;;;;;;;;;;;
corpus_proficiency_learnerAssignmentInstrument;Name of instrument used to evaluate learners’ proficiency;string;;notAvailable;yes;corpus_learner_proficiency_assignment_instrument;Name of instrument used to evaluate learners’ proficiency;"if corpus_learner_proficiency_assignment_method=""independent instrument"" OR "" total test score""";;Oxford Quick Placement Test, DIALANG, Vocabulary Level Test, Cambridge English, TOEFL, IELTS, in-house…;obligatory;yes;2, 2024-05-31;same;;;;;;;;;;;;;;;;;;;;;;;;;;;;;;;;;;;;;;;;;;;;;;;;;;;;;;;;;;;;;;;;;;
corpus_proficiency_levelMax;"proficiency levels; if only approximately known, enter the maximum value here";A1, A2, B1, B2, C1, C2;;notAvailable;yes;corpus_proficiency_level;Coarse proficiency levels;;beginner, intermediate, advanced, unknown;Provide an approximate level of proficiency even if proficiency scores are not available for the individual learners/texts. This variable is meant as a general indicator.;obligatory;yes;2, 2024-05-31;"differently defined; different values";;;;;;;;;;;;;;;;;;;;;;;;;;;;;;;;;;;;;;;;;;;;;;;;;;;;;;;;;;;;;;;;;;
corpus_proficiency_levelMin;"proficiency levels; if only approximately known, enter the minimum value here";A1, A2, B1, B2, C1, C2;;notAvailable;yes;corpus_proficiency_level;Coarse proficiency levels;;beginner, intermediate, advanced, unknown;Provide an approximate level of proficiency even if proficiency scores are not available for the individual learners/texts. This variable is meant as a general indicator.;obligatory;yes;2, 2024-05-31;"differently defined; different values";;;;;;;;;;;;;;;;;;;;;;;;;;;;;;;;;;;;;;;;;;;;;;;;;;;;;;;;;;;;;;;;;;
corpus_proficiency_textAssignmentInstrument;Name of instrument used to evaluate texts’ proficiency;string;;notAvailable;yes;corpus_text_proficiency_assignment_instrument;Name of instrument used to evaluate texts’ proficiency;"if corpus_proficiency_assignment_method=""text-centred method""";;Cambridge English, TOEFL,…;obligatory;yes;2, 2024-05-31;same;;;;;;;;;;;;;;;;;;;;;;;;;;;;;;;;;;;;;;;;;;;;;;;;;;;;;;;;;;;;;;;;;;
corpus_project_contact_orig;Contact of the creation project (original version);Email-Adresse;;notAvailable;no;;;;;;;;;added;DAKODA / original version;;;;;;;;;;;;;;;;;;;;;;;;;;;;;;;;;;;;;;;;;;;;;;;;;;;;;;;;;;;;;;;;;
corpus_project_duration_dkd;Duration of the project (DAKODA);2022-2025;;notAvailable;always the same value;;;;;;;;;added;DAKODA / original version;;;;;;;;;;;;;;;;;;;;;;;;;;;;;;;;;;;;;;;;;;;;;;;;;;;;;;;;;;;;;;;;;
corpus_project_duration_orig;Duration of the project (original version);dddd-dddd, dddd-andauernd;"if no information can be found, elicitation period; if no end date known, 'ongoing'; for doctorates, survey period and not period of doctorate";notAvailable;no;;;;;;;;;added;DAKODA / original version;;;;;;;;;;;;;;;;;;;;;;;;;;;;;;;;;;;;;;;;;;;;;;;;;;;;;;;;;;;;;;;;;
corpus_project_head_dkd;Heads of the project (DAKODA);Katrin Wisniewski, Torsten Zesch;;notAvailable;always the same value;;;;;;;;;added;DAKODA / original version;;;;;;;;;;;;;;;;;;;;;;;;;;;;;;;;;;;;;;;;;;;;;;;;;;;;;;;;;;;;;;;;;
corpus_project_head_orig;Head(s) of the creation project (original version);"string (Nachname, Vorname; Nachname, Vorname)";;notAvailable;yes;;;;;;;;;added;DAKODA / original version;;;;;;;;;;;;;;;;;;;;;;;;;;;;;;;;;;;;;;;;;;;;;;;;;;;;;;;;;;;;;;;;;
corpus_project_institution_dkd;Institution of the project (DAKODA version);Universität Leipzig, FernUniversität Hagen;;notAvailable;always the same value;;;;;;;;;added;DAKODA / original version;;;;;;;;;;;;;;;;;;;;;;;;;;;;;;;;;;;;;;;;;;;;;;;;;;;;;;;;;;;;;;;;;
corpus_project_institution_orig;Institution of the project (original version);string (Wenn universitäre Einrichtung dann mit Kommata abgetrennt: UNIVERSITÄT, FAKULTÄT, INSTITUT, FORSCHUNGSGRUPPE);if it's dissertation project, then record university at which doctoral procedure was held;notAvailable;yes;;;;;;;;;added;DAKODA / original version;;;;;;;;;;;;;;;;;;;;;;;;;;;;;;;;;;;;;;;;;;;;;;;;;;;;;;;;;;;;;;;;;
corpus_project_name_dkd;Name of the project (DAKODA version);Datenkompetenzen in DaF/DaZ: Exploration sprachtechnologischer Ansätze zur Analyse von L2-Erwerbsstufen in Lernerkorpora des Deutschen;;notAvailable;always the same value;corpus_related_research_project;Name of related research project;;;MERLIN;optional;yes;2, 2024-05-31;dkd;DAKODA / original version;;;;;;;;;;;;;;;;;;;;;;;;;;;;;;;;;;;;;;;;;;;;;;;;;;;;;;;;;;;;;;;;;
corpus_project_name_orig;Name of related research project;"string, ""im Rahmen der Dissertation von NAME erstellt"", ""innerhalb von Forschungsgruppe NAME""";;notAvailable;no;corpus_related_research_project;Name of related research project;;;MERLIN;optional;yes;2, 2024-05-31;orig;DAKODA / original version;;;;;;;;;;;;;;;;;;;;;;;;;;;;;;;;;;;;;;;;;;;;;;;;;;;;;;;;;;;;;;;;;
corpus_project_type_dkd;Type of project (DAKODA);Bundesministerium für Bildung und Forschung (BMBF);;notAvailable;always the same value;;;;;;;;;added;DAKODA / original version;;;;;;;;;;;;;;;;;;;;;;;;;;;;;;;;;;;;;;;;;;;;;;;;;;;;;;;;;;;;;;;;;
corpus_project_type_orig;Type of project: Funding type and project number of the funding organisation (original version);string;;notAvailable;no;;;;;;;;;added;DAKODA / original version;;;;;;;;;;;;;;;;;;;;;;;;;;;;;;;;;;;;;;;;;;;;;;;;;;;;;;;;;;;;;;;;;
corpus_project_URL_dkd;Link to related research project (DAKODA version);string (Website);;notAvailable;no;corpus_related_research_project_URL;Link to related research project;if corpus_related_research_project = [];;https://merlin-platform.eu/;optional;yes;2, 2024-05-31;dkd;;;;;;;;;;;;;;;;;;;;;;;;;;;;;;;;;;;;;;;;;;;;;;;;;;;;;;;;;;;;;;;;;;
corpus_project_URL_orig;Link to related research project (original version);string (Website);;notAvailable;no;corpus_related_research_project_URL;Link to related research project;if corpus_related_research_project = [];;https://merlin-platform.eu/;optional;yes;2, 2024-05-31;orig;;;;;;;;;;;;;;;;;;;;;;;;;;;;;;;;;;;;;;;;;;;;;;;;;;;;;;;;;;;;;;;;;;
corpus_subcorpus_signet;Seal of the (sub)corpus in the DAKODA repository;string;;notAvailable;no;;;;;;;;;added;structure;;;;;;;;;;;;;;;;;;;;;;;;;;;;;;;;;;;;;;;;;;;;;;;;;;;;;;;;;;;;;;;;;
corpus_subcorpus_size;Storage requirement in KB, MB, GB, TB or PB;number;;notAvailable;no;corpus_size;Corpus size;;;Storage requirement in KB, MB, GB, TB or PB;obligatory;no;2, 2024-05-31;same;;;;;;;;;;;;;;;;;;;;;;;;;;;;;;;;;;;;;;;;;;;;;;;;;;;;;;;;;;;;;;;;;;
corpus_subcorpus_sizeLearners;Number of learners/L1 speakers;number;;notAvailable;no;corpus_size_learners;Number of learners;;;163;obligatory;no;2, 2024-05-31;same;structure;We divide corpora into subcorpora if they contain a target language other than German and if people have German as L1, L2 or as something undefined;;;;;;;;;;;;;;;;;;;;;;;;;;;;;;;;;;;;;;;;;;;;;;;;;;;;;;;;;;;;;;;;
corpus_subcorpus_sizeTexts;Number of learners/L1 speaker productions;number;;notAvailable;no;corpus_size_texts;Number of learner productions;;;9,529;obligatory;no;2, 2024-05-31;same;structure;We divide corpora into subcorpora if they contain a target language other than German and if people have German as L1, L2 or as something undefined;;;;;;;;;;;;;;;;;;;;;;;;;;;;;;;;;;;;;;;;;;;;;;;;;;;;;;;;;;;;;;;;
corpus_subcorpus_sizeTokens;Number of tokens;number;;notAvailable;no;corpus_size_tokens;Number of tokens;;;Only count learner language but not prompts, interviewers, etc.;obligatory;no;2, 2024-05-31;same;structure;We divide corpora into subcorpora if they contain a target language other than German and if people have German as L1, L2 or as something undefined;;;;;;;;;;;;;;;;;;;;;;;;;;;;;;;;;;;;;;;;;;;;;;;;;;;;;;;;;;;;;;;;
corpus_subcorpus_targetLanguage;Target language;ISO 639-3;;notAvailable;no;corpus_target_language;Target language;;[ISO language code 639-3], other;"en; use “other” for under-represented Ls";obligatory;yes;2, 2024-05-31;differently defined;structure;We divide corpora into subcorpora if they contain a target language other than German and if people have German as L1, L2 or as something undefined;;;;;;;;;;;;;;;;;;;;;;;;;;;;;;;;;;;;;;;;;;;;;;;;;;;;;;;;;;;;;;;;
learner_id;Unique identifier;string;;No missing values permitted.;no;learner_id;Unique identifier;;;;obligatory;no;2, 2024-05-31;same;;;;;;;;;;;;;;;;;;;;;;;;;;;;;;;;;;;;;;;;;;;;;;;;;;;;;;;;;;;;;;;;;;
learner_id_orig;Unique identifier(s) for the learner (original version);string;If several identifiers or pseudonyms are used in the original corpus, several values can be entered.;notAvailable;yes;learner_id;Unique identifier;;;;obligatory;no;2, 2024-05-31;orig;DAKODA / original version;;;;;;;;;;;;;;;;;;;;;;;;;;;;;;;;;;;;;;;;;;;;;;;;;;;;;;;;;;;;;;;;;
learner_language_dominantWordOrder;Word order type of L2 according to WALS;SVO, VSO, OVS, no dominant word order, unclear;;notAvailable;yes;;;;;;;;;added;DAKODA research;;;;;;;;;;;;;;;;;;;;;;;;;;;;;;;;;;;;;;;;;;;;;;;;;;;;;;;;;;;;;;;;;
learner_language_exposure_durationOfInstruction;Number of months of foreign or second language lessons;number;"""notAvailable"", unless otherwise specified";notAvailable;no;learner_target_language_learning_context;"Learning context of target language from onset to current age
";;;"Use tuples and choose among instructed, immersive and naturalistic; e.g. {12- 20: instructed}";optional;yes;2, 2024-05-31;"differently defined; different values";rarely documented;"""language_learning_context"" ist often too specific";;;;;;;;;;;;;;;;;;;;;;;;;;;;;;;;;;;;;;;;;;;;;;;;;;;;;;;;;;;;;;;;
learner_language_exposure_durationOfUse;Number of months in which learner used the language;number;;notAvailable;no;learner_target_language_learning_context;"Learning context of target language from onset to current age
";;;"Use tuples and choose among instructed, immersive and naturalistic; e.g. {12- 20: instructed}";optional;yes;2, 2024-05-31;"differently defined; different values";rarely documented;"""language_learning_context"" ist often too specific";;;;;;;;;;;;;;;;;;;;;;;;;;;;;;;;;;;;;;;;;;;;;;;;;;;;;;;;;;;;;;;;
learner_language_exposure_input;Type of input through which learner mainly has/had contact with the language;mainly without controlled teaching processes, mainly in controlled teaching contexts, hybrid;;"IF L1: mainly without controlled teaching processes; IF L2: notAvailable";no;learner_target_language_learning_context;"Learning context of target language from onset to current age
";;;"Use tuples and choose among instructed, immersive and naturalistic; e.g. {12- 20: instructed}";optional;yes;2, 2024-05-31;"differently defined; different values";rarely documented;"""language_learning_context"" ist often too specific";;;;;;;;;;;;;;;;;;;;;;;;;;;;;;;;;;;;;;;;;;;;;;;;;;;;;;;;;;;;;;;;
learner_language_exposure_institution;Type of institution where learner mainly learns/learnt the language;language school, school, university, other;;notAvailable;yes;learner_target_language_learning_context;"Learning context of target language from onset to current age
";;;"Use tuples and choose among instructed, immersive and naturalistic; e.g. {12- 20: instructed}";optional;yes;2, 2024-05-31;"differently defined; different values";more precise;;;;;;;;;;;;;;;;;;;;;;;;;;;;;;;;;;;;;;;;;;;;;;;;;;;;;;;;;;;;;;;;;
learner_language_exposure_learningContext;"Learning context of target language from onset to current age
";"Use tuples and choose among instructed, immersive and naturalistic; e.g. {12-20: instructed}";;notAvailable;yes;learner_target_language_learning_context;"Learning context of target language from onset to current age
";;;"Use tuples and choose among instructed, immersive and naturalistic; e.g. {12- 20: instructed}";optional;yes;2, 2024-05-31;same;;;;;;;;;;;;;;;;;;;;;;;;;;;;;;;;;;;;;;;;;;;;;;;;;;;;;;;;;;;;;;;;;;
learner_language_exposure_monthsSpentEnvironment;"Cumulated time spent in an environment where language is spoken in months
";number;;notAvailable;no;months_spent_target_language_country;cumulated time spent in a country where L2 is spoken in months;;;;optional;no;2, 2024-05-31;same;;;;;;;;;;;;;;;;;;;;;;;;;;;;;;;;;;;;;;;;;;;;;;;;;;;;;;;;;;;;;;;;;;
learner_language_exposure_onset;"Age of onset of acquisition
";number;;notAvailable;no;learner_target_language_onset;Age of onset of acquisition;"for each ""learner_L2""";;;optional;no;2, 2024-05-31;same;;;;;;;;;;;;;;;;;;;;;;;;;;;;;;;;;;;;;;;;;;;;;;;;;;;;;;;;;;;;;;;;;;
learner_language_exposure_placeAcquisition;Place where learner mainly learns/learnt the language;"ISO 3166-ALPHA-3; within German-speaking countries; outside German-speaking countries; hybrid";;notAvailable;no;;;;;;;;;added;;;;;;;;;;;;;;;;;;;;;;;;;;;;;;;;;;;;;;;;;;;;;;;;;;;;;;;;;;;;;;;;;;
learner_language_exposure_wasInEnvironment;Was the learner/L1 speaker in a country/region where the target language is spoken at the time of data collection?;yes, no;;"IF target language: notAvailable; IF ELSE: notApplicable";no;learner_target_language_environment;Was the learner in a country/region where the target language is spoken at the time of data collection?;;yes, no;;obligatory;no;2, 2024-05-31;same;;;;;;;;;;;;;;;;;;;;;;;;;;;;;;;;;;;;;;;;;;;;;;;;;;;;;;;;;;;;;;;;;;
learner_language_exposure_wasInstructed;Was the learner in an instructed language learning context at the time of data collection?;yes, no;;"IF target language: notAvailable; IF ELSE: notApplicable";no;learner_target_language_instructed;Was the learner in an instructed learning context at the time of data collection?;;yes, no;;obligatory;no;2, 2024-05-31;same;;;;;;;;;;;;;;;;;;;;;;;;;;;;;;;;;;;;;;;;;;;;;;;;;;;;;;;;;;;;;;;;;;
learner_language_group;"language genus according to WALS
";string;;notAvailable;no;;;;;;;;;added;DAKODA research;;;;;;;;;;;;;;;;;;;;;;;;;;;;;;;;;;;;;;;;;;;;;;;;;;;;;;;;;;;;;;;;;
learner_language_iso6393;Code according to ISO 639-3 for the language;[ISO language code 639-3];;notAvailable;no;learner_target_language;"Learner target language
";;[ISO language code 639-3];;obligatory;no;2, 2024-05-31;same;;;;;;;;;;;;;;;;;;;;;;;;;;;;;;;;;;;;;;;;;;;;;;;;;;;;;;;;;;;;;;;;;;
learner_language_isSpokenHome;Was/is the language spoken at home/with the family?;yes, no;;notAvailable;no;learner_home_language;"Language spoken at home
";;[ISO language code 639-3];Use tuple of (language ISO code, percentage) if you want to add more info;optional;yes;2, 2024-05-31;differently defined;;;see learner_language_iso6393 and learner_language_IsSpokenhome;;;;;;;;;;;;;;;;;;;;;;;;;;;;;;;;;;;;;;;;;;;;;;;;;;;;;;;;;;;;;;;
learner_language_isSpokenSchool;Was/is the language spoken in school lessons?;yes, no;;notAvailable;no;learner_language_education_secondary;"Language of education (secondary school)
";;[ISO language code 639-3];Use tuple of (language ISO code, percentage) if you want to add more info;optional;yes;2, 2024-05-31;"differently defined; different values";rarely documented;"""learner_language_education_primary/secondary/higher"" is often too specific";;;;;;;;;;;;;;;;;;;;;;;;;;;;;;;;;;;;;;;;;;;;;;;;;;;;;;;;;;;;;;;;
learner_language_IsTarget;Is there a text for the language in the corpus?;yes, no;;notAvailable;no;;;;;;;;;added;differen structure;same variables for L1/L2/target language;;;;;;;;;;;;;;;;;;;;;;;;;;;;;;;;;;;;;;;;;;;;;;;;;;;;;;;;;;;;;;;;
learner_language_parentL1;Which of the parents spoke the language?;"mother; father; not specified attachment figure; none";;notAvailable;yes;learner_parent_L1;"Parent L1
";;[ISO language code 639-3];"Use tuple of (parent, language ISO code) if you want to add more info, e.g. [mother, eng], [father, spa]; [mother, eng], [mother2, ger]";optional;yes;2, 2024-05-31;differently defined;structure;;see learner_language_iso6393 and learner_language_IsSpokenhome;;;;;;;;;;;;;;;;;;;;;;;;;;;;;;;;;;;;;;;;;;;;;;;;;;;;;;;;;;;;;;;
learner_language_proficiency_assignmentInstrument;Name of instrument used to evaluate learners’ proficiency;string;;notAvailable;no;corpus_learner_proficiency_assignment_instrument;Name of instrument used to evaluate learners’ proficiency;"if corpus_learner_proficiency_assignment_method=""independent instrument"" OR "" total test score""";;Oxford Quick Placement Test, DIALANG, Vocabulary Level Test, Cambridge English, TOEFL, IELTS, in-house…;obligatory;yes;2, 2024-05-31;same;;;;;;;;;;;;;;;;;;;;;;;;;;;;;;;;;;;;;;;;;;;;;;;;;;;;;;;;;;;;;;;;;;
learner_language_proficiency_assignmentMethod;How was the proficiency of the learner evaluated?;independent instrument, total test score, other;"Select ""total test score"" for contexts where the text was written for an official language test with other components";notAvailable;no;corpus_learner_proficiency_assignment_method;How was the proficiency of the learners evaluated?;"if corpus_proficiency_assignment_method=""learner-centred method""";independent instrument, total test score, other;"Select ""total test score"" for contexts where the text was written for an official language test with other components";obligatory;yes;2, 2024-05-31;same;;;;;;;;;;;;;;;;;;;;;;;;;;;;;;;;;;;;;;;;;;;;;;;;;;;;;;;;;;;;;;;;;;
learner_language_proficiency_cefrMax;"learners' language proficiency (CEFR). If the level cannot be specified precisely, the upper limit of the estimated competence is given here: (""B2-C1""->""C1"")";A1, A2, B1, B2, C1, C2;;notAvailable;no;learner_target_language_proficiency_CEFR_conversion;Learner proficiency (CEFR);"for each ""learner_L2""";A1, A2, B1, B2, C1, C2;If possible, provide proficiency converted to CEFR;optional;no;2, 2024-05-31;same;;;;;;;;;;;;;;;;;;;;;;;;;;;;;;;;;;;;;;;;;;;;;;;;;;;;;;;;;;;;;;;;;;
learner_language_proficiency_cefrMin;"learners' language proficiency (CEFR). If the level cannot be specified precisely, the lower limit of the estimated competence is given here: (""B2-C1""->""B2"")";A1, A2, B1, B2, C1, C2;;notAvailable;no;learner_target_language_proficiency_CEFR_conversion;Learner proficiency (CEFR);"for each ""learner_L2""";A1, A2, B1, B2, C1, C2;If possible, provide proficiency converted to CEFR;optional;no;2, 2024-05-31;same;;;;;;;;;;;;;;;;;;;;;;;;;;;;;;;;;;;;;;;;;;;;;;;;;;;;;;;;;;;;;;;;;;
learner_language_proficiency_cTestCefrMax;"Level of CEFR-related c-tests. If the level cannot be specified precisely, the upper limit of the estimated competence is given here: (""B2-C1""->""C1"")";A1, A2, B1, B2, C1, C2;;notAvailable;no;learner_target_language_proficiency_CEFR_conversion;Learner proficiency (CEFR);"for each ""learner_L2""";A1, A2, B1, B2, C1, C2;If possible, provide proficiency converted to CEFR;optional;no;2, 2024-05-31;differently defined;more precise;separate variables for c-test results;;;;;;;;;;;;;;;;;;;;;;;;;;;;;;;;;;;;;;;;;;;;;;;;;;;;;;;;;;;;;;;;
learner_language_proficiency_cTestCefrMin;"Level of CEFR-related c-tests.  If the level cannot be specified precisely, the lower limit of the estimated competence is given here: (""B2-C1""->""B2"")";A1, A2, B1, B2, C1, C2;;notAvailable;no;learner_target_language_proficiency_CEFR_conversion;Learner proficiency (CEFR);"for each ""learner_L2""";A1, A2, B1, B2, C1, C2;If possible, provide proficiency converted to CEFR;optional;no;2, 2024-05-31;differently defined;more precise;separate variables for c-test results;;;;;;;;;;;;;;;;;;;;;;;;;;;;;;;;;;;;;;;;;;;;;;;;;;;;;;;;;;;;;;;;
learner_language_proficiency_cTestLevelDetail;Detailed c-test level;string;;notAvailable;no;learner_target_language_proficiency;"Learner proficiency
";"if corpus_proficiency_assignment_method = ""learner-centred"" ";;Results of language test, in-house test, or self-assessment;obligatory;yes;2, 2024-05-31;differently defined;more precise;separate variables for c-test results;;;;;;;;;;;;;;;;;;;;;;;;;;;;;;;;;;;;;;;;;;;;;;;;;;;;;;;;;;;;;;;;
learner_language_proficiency_cTestPercent;c-test result in per cent;%;;notAvailable;no;learner_target_language_proficiency;"Learner proficiency
";"if corpus_proficiency_assignment_method = ""learner-centred"" ";;Results of language test, in-house test, or self-assessment;obligatory;yes;2, 2024-05-31;differently defined;more precise;separate variables for c-test results;;;;;;;;;;;;;;;;;;;;;;;;;;;;;;;;;;;;;;;;;;;;;;;;;;;;;;;;;;;;;;;;
learner_language_proficiency_cTestType;Name of the c-test;string;;notAvailable;no;corpus_learner_proficiency_assignment_instrument;Name of instrument used to evaluate learners’ proficiency;"if corpus_learner_proficiency_assignment_method=""independent instrument"" OR "" total test score""";;Oxford Quick Placement Test, DIALANG, Vocabulary Level Test, Cambridge English, TOEFL, IELTS, in-house…;obligatory;yes;2, 2024-05-31;differently defined;more precise;separate variables for c-test results;;;;;;;;;;;;;;;;;;;;;;;;;;;;;;;;;;;;;;;;;;;;;;;;;;;;;;;;;;;;;;;;
learner_language_proficiency_documentation;Link to relevant documentation on how learners were evaluated;string;;notAvailable;no;corpus_learner_proficiency_documentation;Link to relevant documentation on how learners were evaluated;"if corpus_proficiency_assignment_method=""learner-centred method""";;;optional;yes;2, 2024-05-31;same;;;;;;;;;;;;;;;;;;;;;;;;;;;;;;;;;;;;;;;;;;;;;;;;;;;;;;;;;;;;;;;;;;
learner_language_proficiency_estimateMax;"Approximate indication of the speaker's language competence; based on GeR-related text assessment if possible; otherwise learner-related assessment, school, university or language school curriculum or corpus author's assessment. If the level cannot be precisely assigned to a level, the upper limit of the estimated competence is given here.";A1, A2, B1, B2, C1, C2;;notAvailable;no;;;;;;;;;added;rarely documented;Here we merge all hints to the proficiency in one variable;;;;;;;;;;;;;;;;;;;;;;;;;;;;;;;;;;;;;;;;;;;;;;;;;;;;;;;;;;;;;;;;
learner_language_proficiency_estimateMin;"Approximate indication of the speaker's language competence; based on GeR-related text assessment if possible; otherwise learner-related assessment, school, university or language school curriculum or corpus author's assessment. If the level cannot be precisely assigned to a level, the lower limit of the estimated competence is given here.";A1, A2, B1, B2, C1, C2;;notAvailable;no;;;;;;;;;added;rarely documented;Here we merge all hints to the proficiency in one variable;;;;;;;;;;;;;;;;;;;;;;;;;;;;;;;;;;;;;;;;;;;;;;;;;;;;;;;;;;;;;;;;
learner_language_proficiency_score;Grade, number of points or written assessment of a completed second or foreign language examination (non-harmonised values);string/number;;notAvailable;no;learner_target_language_proficiency;"Learner proficiency
";"for each ""learner_L2""";;Results of language test, in-house test, or self-assessment;optional;no;2, 2024-05-31;more precisely described;;;;;;;;;;;;;;;;;;;;;;;;;;;;;;;;;;;;;;;;;;;;;;;;;;;;;;;;;;;;;;;;;;
learner_language_proficiency_selfAssessment;Self-assessment of language skills;string;;notAvailable;no;learner_L2_language_proficiency;"Learner proficiency
";"for each ""learner_L2""";;Results of language test, in-house test, or self-assessment;optional;no;2, 2024-05-31;"differently defined; different values";more precise;;;;;;;;;;;;;;;;;;;;;;;;;;;;;;;;;;;;;;;;;;;;;;;;;;;;;;;;;;;;;;;;;
learner_language_status;What status does the language have for the learner?;L1, L2, heritage language, other;;notAvailable;no;;;;;;;;;added;differen structure;same variables for L1/L2/target language;;;;;;;;;;;;;;;;;;;;;;;;;;;;;;;;;;;;;;;;;;;;;;;;;;;;;;;;;;;;;;;;
learner_lCount;Number of languages spoken including L1;number;;notAvailable;no;;;;;;;;;added;user-friendly;Like this you do not have to count yourself;;;;;;;;;;;;;;;;;;;;;;;;;;;;;;;;;;;;;;;;;;;;;;;;;;;;;;;;;;;;;;;;
learner_multipleL1;Does the learner have more than one L1?;yes, no;;notAvailable;no;;;;;;;;;added;user-friendly;Like this you do not have to count yourself;;;;;;;;;;;;;;;;;;;;;;;;;;;;;;;;;;;;;;;;;;;;;;;;;;;;;;;;;;;;;;;;
learner_note;Any comments regarding this learner/L1 speaker;string;;notAvailable;no;learner_note;Any comments regarding this learner;;;This could include a learner biography, more details about their mutlingual profile, etc.;optional;no;2, 2024-05-31;same;;;;;;;;;;;;;;;;;;;;;;;;;;;;;;;;;;;;;;;;;;;;;;;;;;;;;;;;;;;;;;;;;;
learner_socio_ageProduction;Age at text production;number;;notAvailable;no;learner_age;Age at text production;;;;obligatory;no;2, 2024-05-31;same;level;;;;;;;;;;;;;;;;;;;;;;;;;;;;;;;;;;;;;;;;;;;;;;;;;;;;;;;;;;;;;;;;;
learner_socio_birthplace;Place of birth of the speaker;"ISO 3166-ALPHA-3; within German-speaking countries; outside German-speaking countries; hybrid";;notAvailable;no;;;;;;;;;added;more precise;;;;;;;;;;;;;;;;;;;;;;;;;;;;;;;;;;;;;;;;;;;;;;;;;;;;;;;;;;;;;;;;;
learner_socio_country;Country in which the learner spent most of his/her childhood up to 18 years;"ISO 3166-ALPHA-3; within German-speaking countries; outside German-speaking countries; hybrid";;notAvailable;no;learner_country;Country;;ISO 3166 country codes;;optional;no;2, 2024-05-31;more precisely described;more precise;Country where learner spent most of his/her childhood;;;;;;;;;;;;;;;;;;;;;;;;;;;;;;;;;;;;;;;;;;;;;;;;;;;;;;;;;;;;;;;;
learner_socio_educationalBackground;Highest educational qualification already achieved;early childhood, primary, lower secondary, upper secondary, post-secondary non-tertiary, short-cycle tertiary, Bachelor, Master, Doctorate;In DAKODA, we match the school grades to the educational levels as follows: 1-4: primary, 5-7: lower secondary, 8+: upper secondary ;notAvailable;no;learner_educational_background;Highest level of education;;no schooling, early childhood education, primary education, lower secondary education, upper secondary education, post-secondary non-tertiary education, short-cycle tertiary education, Bachelor's degree or equivalent level, Master's degree or equivalent level, Doctoral degree or equivalent level, not elsewhere classified;;optional;no;2, 2024-05-31;same;;;;;;;;;;;;;;;;;;;;;;;;;;;;;;;;;;;;;;;;;;;;;;;;;;;;;;;;;;;;;;;;;;
learner_socio_gender;learner/L1 speaker gender;female, male, non-binary;;notAvailable;no;learner_gender;learner_gender;Gender;;female, male, non-binary;;obligatory;2, 2024-05-31;same;;;;;;;;;;;;;;;;;;;;;;;;;;;;;;;;;;;;;;;;;;;;;;;;;;;;;;;;;;;;;;;;;;
learner_socio_majorSubject;(Major) subject at university;string;;"notAvailable; if productionSetting_educationalStage=[early childhood, primary, lower secondary, upper secondary, post-secondary non-tertiary, short-cycle tertiary] -> notApplicable";yes;;;;;;;;;added;often documented;There are a lot of corpora from university contexts;;;;;;;;;;;;;;;;;;;;;;;;;;;;;;;;;;;;;;;;;;;;;;;;;;;;;;;;;;;;;;;;
learner_socio_profession;Occupation;string;;"notAvailable; if productionSetting_educationalStage=[early childhood, primary, lower secondary, upper secondary, post-secondary non-tertiary, short-cycle tertiary] -> notApplicable";yes;;;;;;;;;added;definition difficult;;;;;;;;;;;;;;;;;;;;;;;;;;;;;;;;;;;;;;;;;;;;;;;;;;;;;;;;;;;;;;;;;
learner_socio_schoolGrade;School year in which the text was collected;number;;"IF productionSetting_educationalStage=[early childhood, primary, lower secondary, upper secondary, post-secondary non-tertiary, short-cycle tertiary] -> notAvailable; IF ELSE -> notApplicable";no;;;;;;;;;added;often documented;;;;;;;;;;;;;;;;;;;;;;;;;;;;;;;;;;;;;;;;;;;;;;;;;;;;;;;;;;;;;;;;;
learner_textCount;Number of existing texts from this person;number;;notAvailable;no;;;;;;;;;added;;;;;;;;;;;;;;;;;;;;;;;;;;;;;;;;;;;;;;;;;;;;;;;;;;;;;;;;;;;;;;;;;;
productionSetting_collectedInResearchProject;Was the data collected for a research project?;yes, no;;notAvailable;no;;;;;;;;;added;more precise;to characterise dataset;;;;;;;;;;;;;;;;;;;;;;;;;;;;;;;;;;;;;;;;;;;;;;;;;;;;;;;;;;;;;;;;
productionSetting_educationalStage;Level of education the learners are currently in and have not yet completed;early childhood, primary, lower secondary, upper secondary, post-secondary non-tertiary, short-cycle tertiary, Bachelor, Master, Doctorate;early childhood education, primary education, lower secondary education, upper secondary education, post-secondary non-tertiary education, short-cycle tertiary education, Bachelor's or equivalent level, Master's or equivalent level, Doctorate or equivalent level, notAvailable: mostly elicitation without binding to educational institution;notAvailable;yes;;;;;;;;;added;more precise;"to characterise dataset; name different to ""learner_educational_background"", because different definition: In DAKODA level of education, in which person is situated in the moment of the elicitation (degree on yet obtained)";;;;;;;;;;;;;;;;;;;;;;;;;;;;;;;;;;;;;;;;;;;;;;;;;;;;;;;;;;;;;;;;
productionSetting_languageCourseLevel;Level of the language course currently attended;string;;notAvailable;no;;;;;;;;;added;more precise;to characterise dataset;;;;;;;;;;;;;;;;;;;;;;;;;;;;;;;;;;;;;;;;;;;;;;;;;;;;;;;;;;;;;;;;
productionSetting_languageTest;Full name of the official language test;string;;notAvailable;no;corpus_language_testing_setting;Full name of the official language test;"if corpus_production_setting = ""official_language_testing""";;Test of English as a Foreign Language/Cambridge Advanced Certificate, International English Language Testing System, Certificato di Conoscenza della Lingua Italiana;obligatory;no;2, 2024-05-31;same;level;;;;;;;;;;;;;;;;;;;;;;;;;;;;;;;;;;;;;;;;;;;;;;;;;;;;;;;;;;;;;;;;;
productionSetting_naturalistic;Specification of the elicitation context if outside institutional contexts;string;e.g. work, family, friends, leisure;notAvailable;yes;situation_setting;Situation settings;;personal, public, occupational, educational;Personal settings include family, social networks, friends and leisure. Public spaces include streets, public transports, shops, cinemas, restaurants, etc. Occupational settings refer to the work environment. Educational settings refer to any school or institution where education is provided.;obligatory;no;2, 2024-05-31;"differently defined; different values";more precise;very few corpora with naturalistic setting, categories less helpful than description;;;;;;;;;;;;;;;;;;;;;;;;;;;;;;;;;;;;;;;;;;;;;;;;;;;;;;;;;;;;;;;;
productionSetting_schoolGrade;School year in which the productions were collected;\d{1,2} ODER \d{1,2}-\d{1,2};;notAvailable;yes;;;;;;;;;added;more precise;to characterise dataset;;;;;;;;;;;;;;;;;;;;;;;;;;;;;;;;;;;;;;;;;;;;;;;;;;;;;;;;;;;;;;;;
productionSetting_setting;Language production setting;language instruction, educational setting, official language testing, naturalistic setting;"language instruction: language course; educational setting: in school or university; official language testing refers to a situation where language testing is performed with an approved language assessment body; naturalistic setting: outside institutional contexts";notAvailable;yes;corpus_production_setting;Language production setting;;language instruction, other educational setting, official language testing, naturalistic setting;Official language testing refers to a situation where language testing is performed with an approved language assessment body.;obligatory;yes;2, 2024-05-31;"differently defined; different values";more precise;;;;;;;;;;;;;;;;;;;;;;;;;;;;;;;;;;;;;;;;;;;;;;;;;;;;;;;;;;;;;;;;;
targetHypotheses_automatic;Were the target hypotheses generated automatically?;yes, no;;notAvailable;yes;;;;;;;;;added;;;;;;;;;;;;;;;;;;;;;;;;;;;;;;;;;;;;;;;;;;;;;;;;;;;;;;;;;;;;;;;;;;
targetHypotheses_corrected;Was the automatic genereation subject to further correction?;yes, no;;notAvailable;yes;;;;;;;;;added;;;;;;;;;;;;;;;;;;;;;;;;;;;;;;;;;;;;;;;;;;;;;;;;;;;;;;;;;;;;;;;;;;
targetHypotheses_documentation;Plain text description of the target hypotheses or link to documentation;string;;notAvailable;yes;;;;;;;;;added;;;;;;;;;;;;;;;;;;;;;;;;;;;;;;;;;;;;;;;;;;;;;;;;;;;;;;;;;;;;;;;;;;
targetHypotheses_evaluation;Were the target hypotheses evaluated?;yes, no;;notAvailable;yes;;;;;;;;;added;;;;;;;;;;;;;;;;;;;;;;;;;;;;;;;;;;;;;;;;;;;;;;;;;;;;;;;;;;;;;;;;;;
targetHypotheses_name;Unique identifier for the target hypotheses;string;;notAvailable;yes;;;;;;;;;added;;;;;;;;;;;;;;;;;;;;;;;;;;;;;;;;;;;;;;;;;;;;;;;;;;;;;;;;;;;;;;;;;;
targetHypotheses_tool ;Name of tool used;string;;notAvailable;yes;;;;;;;;;added;;;;;;;;;;;;;;;;;;;;;;;;;;;;;;;;;;;;;;;;;;;;;;;;;;;;;;;;;;;;;;;;;;
targetHypotheses_toolVersion;Version of tool used;string;;notAvailable;yes;;;;;;;;;added;;;;;;;;;;;;;;;;;;;;;;;;;;;;;;;;;;;;;;;;;;;;;;;;;;;;;;;;;;;;;;;;;;
task_assessed;Was the task part of an exam or any other type of language assessment settings (informal or for obtaining a certificate)?;yes, no;;notAvailable;no;task_assessed;Was the task part of an exam or any other type of language assessment settings?;;yes, no;;optional;no;2, 2024-05-31;more precisely described;more precise;"specified, that it can mean any type of assessment; ""task_officialLanguageTest"" only means the assessment in form of standardised tests with a certificate";;;;;;;;;;;;;;;;;;;;;;;;;;;;;;;;;;;;;;;;;;;;;;;;;;;;;;;;;;;;;;;;
task_comparison;Possibility of comparing tasks and time points;one task one-time, one task repeated,  several tasks repeated, several tasks each one-time;"one task one-time: learner writes (or: speaks to!) the one task one time; one task repeated: learner writes the same task several times;  several tasks repeated: learner writes several tasks and each repeated; several tasks each one-time: learner writes several tasks and each one time";notAvailable;yes;;;;;;;;;added;more precise;;;;;;;;;;;;;;;;;;;;;;;;;;;;;;;;;;;;;;;;;;;;;;;;;;;;;;;;;;;;;;;;;
task_comparison_otherCorpora;DAKODA task ID of the task that was used as a template for this task;string;;notAvailable;yes;;;;;;;;;added;more precise;;;;;;;;;;;;;;;;;;;;;;;;;;;;;;;;;;;;;;;;;;;;;;;;;;;;;;;;;;;;;;;;;
task_description;Short description of the task;string;;notAvailable;no;task_instructions;Task instructions;;;Please provide detailed information about the task (e.g. prompt, description);optional;no;2, 2024-05-31;more variables;added;;;;;;;;;;;;;;;;;;;;;;;;;;;;;;;;;;;;;;;;;;;;;;;;;;;;;;;;;;;;;;;;;
task_descriptionDetailed;Further descriptions with source reference;string;;notAvailable;no;task_instructions;Task instructions;;;Please provide detailed information about the task (e.g. prompt, description);optional;no;2, 2024-05-31;more variables;added;;;;;;;;;;;;;;;;;;;;;;;;;;;;;;;;;;;;;;;;;;;;;;;;;;;;;;;;;;;;;;;;;
task_durationMinutes;Task duration in minutes;\d{1,3} ODER \d{1,3}-\d{1,3} (höchstens dreistellige Zahl oder von-bis-Angabe);;notAvailable;no;task_duration_minutes;Task duration in minutes;if task_duration = timed;;;optional;no;2, 2024-05-31;same;;;;;;;;;;;;;;;;;;;;;;;;;;;;;;;;;;;;;;;;;;;;;;;;;;;;;;;;;;;;;;;;;;
task_id;Unique identifier for the language situation;"corpus signet + ""task"" + Nummer";;notAvailable;no;situation_id;Unique identifier for the language situation;;;;obligatory;no;2, 2024-05-31;same;situation;;;;;;;;;;;;;;;;;;;;;;;;;;;;;;;;;;;;;;;;;;;;;;;;;;;;;;;;;;;;;;;;;
task_id_orig;Unique identifier(s) for the task (original version);string;If several identifiers or pseudonyms are used in the original corpus, several values can be entered.;notAvailable;no;situation_id;Unique identifier for the language situation;;;;obligatory;no;2, 2024-05-31;orig;DAKODA / original version;;;;;;;;;;;;;;;;;;;;;;;;;;;;;;;;;;;;;;;;;;;;;;;;;;;;;;;;;;;;;;;;;
task_instructions;Wording of the task;string;;notAvailable;no;task_instructions;Task instructions;;;Please provide detailed information about the task (e.g. prompt, description);optional;no;2, 2024-05-31;more variables;more precise;We discriminate between instruction, description and prompt, because it's relevant for analyses of text similarity;;;;;;;;;;;;;;;;;;;;;;;;;;;;;;;;;;;;;;;;;;;;;;;;;;;;;;;;;;;;;;;;
task_interaction_conceptualMode;"Conceptual orality (immediacy) or conceptual literacy (distance) according to Koch and Oesterreicher's model of ""Nähe und Distanz"" ";spoken, written;;notAvailable;yes;situation_medium;Medium of communication;;typed, handwritten, e-mail, text messaging (phone service), instant messaging (online), face-to-face, video conferencing, blogging, discussion forum, telephone;Select as many as relevant;obligatory;yes;2, 2024-05-31;differently defined;level, rarely documented;"to characterise dataset; typen vs. Handwritten rarely documented";"if task_interaction_conceptualMode=""spoken"" ->  situation_medium="" face-to-face""; if else ""notAvailable""";;;;;;;;;;;;;;;;;;;;;;;;;;;;;;;;;;;;;;;;;;;;;;;;;;;;;;;;;;;;;;;
task_interaction_ExpectedRhetoricalFunctions;Communicative purpose;applying, arguing, asking for help, asking for information, build a sentence, comparing, complaining , describing, express congratulations, giving advice, informing, instructing, narrating, offering something, organise meeting, question and answer, reading aloud, reporting, summarising, translating;;notAvailable;yes;situation_purpose;Communicative purpose;;narrate/report, describe, inform/explain/interpret, persuade, how-to/procedural, entertain, edify, reveal self, seek information/enquire, negotiate/reach an agreement, other;;obligatory;yes;1, 2022-09-01;same;resources;We formulated the categories before CMFLC V2;;;;;;;;;;;;;;;;;;;;;;;;;;;;;;;;;;;;;;;;;;;;;;;;;;;;;;;;;;;;;;;;
task_interaction_formality;Formality level of the task;informal, unmarked to informal, unmarked, unmarked to formal, formal;;notAvailable;no;;;;;;;;;added;DAKODA research;;;;;;;;;;;;;;;;;;;;;;;;;;;;;;;;;;;;;;;;;;;;;;;;;;;;;;;;;;;;;;;;;
task_interaction_mode;Corpus modality;spoken, written;;notAvailable;yes;situation_mode;Mode;;speech, writing, signing;;obligatory;yes;2, 2024-05-31;"differently defined; different values";;"no ""signing"" in DADKODA data";"if task_interaction_mode=""written"" -> situation_mode=""writing""; if task_interaction_mode=""spoken"" -> situation_mode=""speech""";;;;;;;;;;;;;;;;;;;;;;;;;;;;;;;;;;;;;;;;;;;;;;;;;;;;;;;;;;;;;;;
task_interaction_participants;Number of speakers;"number, 1, 2, n, ""1,2"", ""1-n"", ""2-n"", ""n""";"If a person writes a text or gives a lecture, ""1"" is shown here";notAvailable;no;corpus_single_or_multi_author;Were individual texts written by a single author?;"if corpus_mode = ""written""";single author, multiple author;;obligatory;yes;2, 2024-05-31;differently defined;more precise;"not ""yes / no"" but number of participants";"if task_interaction_participants=""1"" -> corpus_single_or_multi_author=""single author""; if else=""multiple authors""";;;;;;;;;;;;;;;;;;;;;;;;;;;;;;;;;;;;;;;;;;;;;;;;;;;;;;;;;;;;;;;
task_interaction_participantsL1L2interaction;Type of interaction;"only L1 speakers; only L2 speakers; L1 and L2 speakers mixed";;notAvailable;yes;;;;;;;;;added;more precise;to characterise dataset;;;;;;;;;;;;;;;;;;;;;;;;;;;;;;;;;;;;;;;;;;;;;;;;;;;;;;;;;;;;;;;;
task_interaction_type;Register;book review, consultation, conversation, description, essay, instruction, interview, letter, map task, narrow elicitation task, post in a forum, problem solving, report, story, summary, translation;;notAvailable;yes;situation_register;Register;;essay, summary, translation, creative writing, scientific writing, conversation, monologue, other;;obligatory;no;2, 2024-05-31;different values;situation;;;;;;;;;;;;;;;;;;;;;;;;;;;;;;;;;;;;;;;;;;;;;;;;;;;;;;;;;;;;;;;;;
task_isDurationLimited;Was the task timed or not?;yes, no;;notAvailable;no;task_duration;Was the task timed or not?;;timed, untimed;;optional;no;2, 2024-05-31;same;;;;;;;;;;;;;;;;;;;;;;;;;;;;;;;;;;;;;;;;;;;;;;;;;;;;;;;;;;;;;;;;;;
task_isStimulusOffered;Does the task  include material as a stimulus for solving the task (e.g. diagram, article, etc.)?;yes, no;;notAvailable;no;;;;;;;;;added;more precise;;;;;;;;;;;;;;;;;;;;;;;;;;;;;;;;;;;;;;;;;;;;;;;;;;;;;;;;;;;;;;;;;
task_levelMax;"CEFR level of the task;  if only approximately known, enter the maximum value here";A1, A2, B1, B2, C1, C2;;notAvailable;yes;;;;;;;;;added;more precise;;;;;;;;;;;;;;;;;;;;;;;;;;;;;;;;;;;;;;;;;;;;;;;;;;;;;;;;;;;;;;;;;
task_levelMin;"CEFR level of the task;  if only approximately known, enter the minimum value here";A1, A2, B1, B2, C1, C2;;notAvailable;yes;;;;;;;;;added;more precise;;;;;;;;;;;;;;;;;;;;;;;;;;;;;;;;;;;;;;;;;;;;;;;;;;;;;;;;;;;;;;;;;
task_officialLanguageTest;Is the task taken from an oifficial assignment?;yes, no;;notAvailable;no;task_assessed;Was the task part of an exam or any other type of language assessment settings?;;yes, no;;optional;no;2, 2024-05-31;more variables;added;We differentiate between official language tests and any language test;;;;;;;;;;;;;;;;;;;;;;;;;;;;;;;;;;;;;;;;;;;;;;;;;;;;;;;;;;;;;;;;
task_officialLanguageTestSpecific;Official language test from which the task originates;string;;notAvailable;no;;;;;;;;;added;more precise;;;;;;;;;;;;;;;;;;;;;;;;;;;;;;;;;;;;;;;;;;;;;;;;;;;;;;;;;;;;;;;;;
task_options;Were learners able to choose between different tasks?;yes, no;;notAvailable;no;;;;;;;;;added;more precise;;;;;;;;;;;;;;;;;;;;;;;;;;;;;;;;;;;;;;;;;;;;;;;;;;;;;;;;;;;;;;;;;
task_stimulusType;Categorisation of the stimulus material;advertisement, article, articles, book, comic, description of a situation, diagram, essay, extract from a doctoral dissertation, extracts from articles, figure, for teaching edited text, form, interview, job advertisement, letter, list of words or expressions, map, oral instruction, picture(s) , questionnaire, quote, scene acted out, specialised text, talks, video, written instruction;;notAvailable;yes;;;;;;;;;added;DAKODA research;;;;;;;;;;;;;;;;;;;;;;;;;;;;;;;;;;;;;;;;;;;;;;;;;;;;;;;;;;;;;;;;;
task_title;Title of the task;string;;notAvailable;no;;;;;;;;;added;more precise;;;;;;;;;;;;;;;;;;;;;;;;;;;;;;;;;;;;;;;;;;;;;;;;;;;;;;;;;;;;;;;;;
text_annotation_hasBorrowedAnnotation_orig;Does the corpus in its original version contain annotations for structures taken from the task?;yes, no;;notAvailable;no;;;;;;;;;added;DAKODA research;;;;;;;;;;;;;;;;;;;;;;;;;;;;;;;;;;;;;;;;;;;;;;;;;;;;;;;;;;;;;;;;;
text_annotation_hasErrorAnnotation_orig;Does the corpus in its original version contain error annotations?;yes, no;;notAvailable;no;;;;;;;;;added;DAKODA research;;;;;;;;;;;;;;;;;;;;;;;;;;;;;;;;;;;;;;;;;;;;;;;;;;;;;;;;;;;;;;;;;
text_annotation_hasTargetHypotheses_orig;Does the corpus in its original version contain target hypotheses or another type of normalisation?;yes, no;;notAvailable;no;;;;;;;;;added;DAKODA research;;;;;;;;;;;;;;;;;;;;;;;;;;;;;;;;;;;;;;;;;;;;;;;;;;;;;;;;;;;;;;;;;
text_clauseCount;Number of sentences;number;;notAvailable;no;;;;;;;;;added;more precise;;;;;;;;;;;;;;;;;;;;;;;;;;;;;;;;;;;;;;;;;;;;;;;;;;;;;;;;;;;;;;;;;
text_file;Associated files (copies of handwritten texts in pdf, transcriptions, sound files, videos, etc.);string;;notAvailable;no;text_file;Associated files (copies of handwritten texts in pdf, transcriptions, sound files, videos, etc.);;;;obligatory;yes;2, 2024-05-31;same;;;;;;;;;;;;;;;;;;;;;;;;;;;;;;;;;;;;;;;;;;;;;;;;;;;;;;;;;;;;;;;;;;
text_id;Unique identifier for the text;string;;No missing values permitted.;no;text_id;Unique identifier for the text;;;;obligatory;no;2, 2024-05-31;same;;;;;;;;;;;;;;;;;;;;;;;;;;;;;;;;;;;;;;;;;;;;;;;;;;;;;;;;;;;;;;;;;;
text_id_orig;Unique identifier(s) for the text (original version);string;If several identifiers or pseudonyms are used in the original corpus, several values can be entered.;notAvailable;yes;text_id;Unique identifier for the text;;;;obligatory;no;2, 2024-05-31;orig;DAKODA / original version;;;;;;;;;;;;;;;;;;;;;;;;;;;;;;;;;;;;;;;;;;;;;;;;;;;;;;;;;;;;;;;;;
text_language;Target language of the text to be written / Language of the text;deu;;notAvailable;no;text_language;Language;;[ISO language code 639-3];;obligatory;no;2, 2024-05-31;same;;;;;;;;;;;;;;;;;;;;;;;;;;;;;;;;;;;;;;;;;;;;;;;;;;;;;;;;;;;;;;;;;;
text_learner_role;Role of the person in this event;string;e. g. participant/collector/instructor etc;"IF task_interaction_participants=1 -> notApplicable; IF ELSE notAvailable";yes;;;;;;;;;added;more precise;for some spoken language corpora important;;;;;;;;;;;;;;;;;;;;;;;;;;;;;;;;;;;;;;;;;;;;;;;;;;;;;;;;;;;;;;;;
text_longitudinalOrder;"Number that reflects the sequence of longitudinally collected data; In a cohort design, the number refers to the time of the elecitation and not to the number of texts already written by a specific person; in the case of missing data, the sequence of numbers may be incomplete";number;;"IF corpus_design_designType!=(longitudinal|pseudo-longitudinal)-> notApplicable; IF ELSE notAvailable";no;;;;;;;;;added;more precise;;;;;;;;;;;;;;;;;;;;;;;;;;;;;;;;;;;;;;;;;;;;;;;;;;;;;;;;;;;;;;;;;
text_note;Any comments on the text and its origins;string;;notAvailable;no;text_note;Any comments on the text and its origins;;;;optional;no;2, 2024-05-31;same;;;;;;;;;;;;;;;;;;;;;;;;;;;;;;;;;;;;;;;;;;;;;;;;;;;;;;;;;;;;;;;;;;
text_proficiency_assignmentInstrument;Name of instrument used to evaluate texts’ proficiency;string;;notAvailable;no;corpus_text_proficiency_assignment_instrument;Name of instrument used to evaluate texts’ proficiency;"if corpus_proficiency_assignment_method=""text-centred method""";;Cambridge English, TOEFL,…;obligatory;yes;2, 2024-05-31;same;level;;;;;;;;;;;;;;;;;;;;;;;;;;;;;;;;;;;;;;;;;;;;;;;;;;;;;;;;;;;;;;;;;
text_proficiency_assignmentMethod;How were the texts evaluated?;score on text, teacher's evaluation, post-hoc assignment;;notAvailable;no;corpus_text_proficiency_assignment_method;How were the texts evaluated?;"if corpus_proficiency_assignment_method=""text-centred method""";score on text, teacher's evaluation, post-hoc assignment;"Select ""total test score"" for contexts where the text was written for an official language test with other components";obligatory;yes;2, 2024-05-31;same;level;;;;;;;;;;;;;;;;;;;;;;;;;;;;;;;;;;;;;;;;;;;;;;;;;;;;;;;;;;;;;;;;;
text_proficiency_cefrAutomMax;"Automatically generated rough level A, B or C based on CEFR; maximum limit value of the result";A1, A2, B1, B2, C1, C2;;notAvailable;no;;;;;;;;;added;DAKODA research;;;;;;;;;;;;;;;;;;;;;;;;;;;;;;;;;;;;;;;;;;;;;;;;;;;;;;;;;;;;;;;;;
text_proficiency_cefrAutomMin;"Automatically generated rough level A, B or C based on CEFR; minimum limit value of the result";A1, A2, B1, B2, C1, C2;;notAvailable;no;;;;;;;;;added;DAKODA research;;;;;;;;;;;;;;;;;;;;;;;;;;;;;;;;;;;;;;;;;;;;;;;;;;;;;;;;;;;;;;;;;
text_proficiency_cefrMax;"Conversion of text proficiency score to CEFR. If the level cannot be specified precisely, the upper limit of the estimated competence is given here: (""B2-C1""->""C1"")";A1, A2, B1, B2, C1, C2;;notAvailable;no;text_proficiency_CEFR_conversion;Conversion of text proficiency score to CEFR;;A1, A2, B1, B2, C1, C2;;optional;no;2, 2024-05-31;same;;;;;;;;;;;;;;;;;;;;;;;;;;;;;;;;;;;;;;;;;;;;;;;;;;;;;;;;;;;;;;;;;;
text_proficiency_cefrMin;"Conversion of text proficiency score to CEFR. If the level cannot be specified precisely, the lower limit of the estimated competence is given here: (""B2-C1""->""B2"").";A1, A2, B1, B2, C1, C2;;notAvailable;no;text_proficiency_CEFR_conversion;Conversion of text proficiency score to CEFR;;A1, A2, B1, B2, C1, C2;;optional;no;2, 2024-05-31;same;;;;;;;;;;;;;;;;;;;;;;;;;;;;;;;;;;;;;;;;;;;;;;;;;;;;;;;;;;;;;;;;;;
text_proficiency_documentation;Link to relevant documentation on how texts were evaluated (descriptors, rubric, etc.);string;;notAvailable;yes;corpus_text_proficiency_documentation;Link to relevant documentation on how texts were evaluated (descriptors, rubric, etc.);"if corpus_proficiency_assignment_method=""text-centred method""";;https://merlin-platform.eu/docs/MERLIN_Rating-Grid_DE.pdf;optional;yes;2, 2024-05-31;same;level;;;;;;;;;;;;;;;;;;;;;;;;;;;;;;;;;;;;;;;;;;;;;;;;;;;;;;;;;;;;;;;;;
text_proficiency_officialLanguageTestingScore;"Results of the official language test (score for the text; not global score which should be recorded at the level of the learner/L1 speaker metadata)";string;;notAvailable;no;text_official_language_testing_score;"Results of the official language test (score for the text; not global score which should be recorded at the level of the learner metadata)";;;;;;2, 2024-05-31;same;;relates to DAKODA version (not explicit);;;;;;;;;;;;;;;;;;;;;;;;;;;;;;;;;;;;;;;;;;;;;;;;;;;;;;;;;;;;;;;;
text_proficiency_score;Proficiency score or level for the text (not harmonised across DAKODA corpora);string;;notAvailable;no;text_proficiency;Proficiency score or level for the text;"if proficiency_assignment_method = ""text-centred""";;;obligatory;no;2, 2024-05-31;same;;;;;;;;;;;;;;;;;;;;;;;;;;;;;;;;;;;;;;;;;;;;;;;;;;;;;;;;;;;;;;;;;;
text_timeOfCreation;Time of creation;date;;notAvailable;no;text_time_of_creation;Time of creation;;;;optional;no;2, 2024-05-31;same;;;;;;;;;;;;;;;;;;;;;;;;;;;;;;;;;;;;;;;;;;;;;;;;;;;;;;;;;;;;;;;;;;
text_tokenCount;Number of tokens in the text;number;;notAvailable;yes;text_token_count;Number of tokens in the text;;;;obligatory;no;2, 2024-05-31;same;;relates to DAKODA version (not explicit);;;;;;;;;;;;;;;;;;;;;;;;;;;;;;;;;;;;;;;;;;;;;;;;;;;;;;;;;;;;;;;;
text_topicAutom;Automatically generated topic of the text ;string;;notAvailable;yes;;;;;;;;;added;DAKODA research;;;;;;;;;;;;;;;;;;;;;;;;;;;;;;;;;;;;;;;;;;;;;;;;;;;;;;;;;;;;;;;;;

